PSSE New BUS,SSWG Bus Name,SSWG kV,Weather Zone,Settlement Zone,Planning Bus Long Name,TSP,County,Utility EIA ID,Zip Code,Latitude,Longitude
1001,AROYA_8,138,WZ_FAR_WEST,LZ_WEST,AROYA_8,ONCOR,WARD,44372,79788,31.58118,-102.99117
1001,AROYA_8,138,WZ_FAR_WEST,LZ_WEST,AROYA_8,ONCOR,WARD,44372,79788,31.58118,-102.99117
1009,YUCCADR_8,138,WZ_FAR_WEST,LZ_WEST,PERMIANS_8,ONCOR,WARD,44372,79756,31.58479,-102.9627
1009,YUCCADR_8,138,WZ_FAR_WEST,LZ_WEST,PERMIANS_8,ONCOR,WARD,44372,79756,31.58479,-102.9627
1010,PERMIANB_8,138,WZ_FAR_WEST,LZ_WEST,PERMIANB_8,ONCOR,WARD,44372,79756,31.58445,-102.9626
1010,PERMIANB_8,138,WZ_FAR_WEST,LZ_WEST,PERMIANB_8,ONCOR,WARD,44372,79756,31.58445,-102.9626
1010,PERMIANB_8,138,WZ_FAR_WEST,LZ_WEST,PERMIANB_8,ONCOR,WARD,44372,79756,31.58397,-102.96021
1011,HORSHEADRW_8,138,WZ_FAR_WEST,LZ_WEST,MENTONE_SW_8,ONCOR,LOVING,,79772,31.509593,-103.517152
1013,WOLFSS_8,138,WZ_FAR_WEST,LZ_WEST,MONAHANS_8,ONCOR,WARD,44372,79756,31.58762,-102.955
1013,WOLFSS_8,138,WZ_FAR_WEST,LZ_WEST,MONAHANS_8,ONCOR,WARD,44372,79756,31.58762,-102.955
1018,MOSS_5,345,WZ_FAR_WEST,LZ_WEST,MOSS_5,ONCOR,ECTOR,44372,79763,31.81268,-102.4952
1019,MOSS_8,138,WZ_FAR_WEST,LZ_WEST,MOSS_8,ONCOR,ECTOR,44372,79763,31.81268,-102.4952
1019,MOSS_8,138,WZ_FAR_WEST,LZ_WEST,MOSS_8,ONCOR,ECTOR,44372,79763,31.81268,-102.4952
1019,MOSS_8,138,WZ_FAR_WEST,LZ_WEST,MOSS_8,ONCOR,ECTOR,44372,79763,31.81268,-102.4952
1019,MOSS_8,138,WZ_FAR_WEST,LZ_WEST,MOSS_8,ONCOR,ECTOR,44372,79763,31.81268,-102.4952
1020,ODEHV1T_5,345,WZ_FAR_WEST,LZ_WEST,ODEHV1T_5,ONCOR,ECTOR,44372,79766,31.83626,-102.3295
1026,ODEHV2T_5,345,WZ_FAR_WEST,LZ_WEST,ODEHV2T_5,ONCOR,ECTOR,44372,79766,31.83626,-102.3295
1027,ODESEHV_8,138,WZ_FAR_WEST,LZ_WEST,ODESEHV_8,ONCOR,ECTOR,44372,79766,31.83626,-102.3295
1027,ODESEHV_8,138,WZ_FAR_WEST,LZ_WEST,ODESEHV_8,ONCOR,ECTOR,44372,79766,31.83626,-102.3295
1027,ODESEHV_8,138,WZ_FAR_WEST,LZ_WEST,ODESEHV_8,ONCOR,ECTOR,44372,79766,31.83626,-102.3295
1027,ODESEHV_8,138,WZ_FAR_WEST,LZ_WEST,ODESEHV_8,ONCOR,ECTOR,44372,79766,31.83626,-102.3295
1027,ODESEHV_8,138,WZ_FAR_WEST,LZ_WEST,ODESEHV_8,ONCOR,ECTOR,44372,79766,31.83626,-102.3295
1027,ODESEHV_8,138,WZ_FAR_WEST,LZ_WEST,ODESEHV_8,ONCOR,ECTOR,44372,79766,31.83626,-102.3295
1027,ODESEHV_8,138,WZ_FAR_WEST,LZ_WEST,ODESEHV_8,ONCOR,ECTOR,44372,79766,31.83626,-102.3295
1027,ODESEHV_8,138,WZ_FAR_WEST,LZ_WEST,ODESEHV_8,ONCOR,ECTOR,44372,79766,31.83626,-102.3295
1027,ODESEHV_8,138,WZ_FAR_WEST,LZ_WEST,ODESEHV_8,ONCOR,ECTOR,44372,79766,31.83626,-102.3295
1027,ODESEHV_8,138,WZ_FAR_WEST,LZ_WEST,ODESEHV_8,ONCOR,ECTOR,44372,79766,31.83626,-102.3295
1028,ODEHVC_5,345,WZ_FAR_WEST,LZ_WEST,ODEHVC_5,ONCOR,ECTOR,44372,79766,31.83626,-102.3295
1028,ODEHVC_5,345,WZ_FAR_WEST,LZ_WEST,ODEHVC_5,ONCOR,ECTOR,44372,79766,31.83626,-102.3295
1029,ODEHVD_5,345,WZ_FAR_WEST,LZ_WEST,ODEHVD_5,ONCOR,ECTOR,44372,79766,31.83626,-102.3295
1029,ODEHVD_5,345,WZ_FAR_WEST,LZ_WEST,ODEHVD_5,ONCOR,ECTOR,44372,79766,31.83626,-102.3295
1052,REXALL_8,138,WZ_FAR_WEST,LZ_WEST,REXALL_8,ONCOR,ECTOR,44372,79766,31.82736,-102.3271
1052,REXALL_8,138,WZ_FAR_WEST,LZ_WEST,REXALL_8,ONCOR,ECTOR,44372,79766,31.82736,-102.3271
1052,REXALL_8,138,WZ_FAR_WEST,LZ_WEST,REXALL_8,ONCOR,ECTOR,44372,79766,31.82736,-102.3271
1052,REXALL_8,138,WZ_FAR_WEST,LZ_WEST,REXALL_8,ONCOR,ECTOR,44372,79766,31.82736,-102.3271
1052,REXALL_8,138,WZ_FAR_WEST,LZ_WEST,REXALL_8,ONCOR,ECTOR,44372,79766,31.82736,-102.3271
1052,REXALL_8,138,WZ_FAR_WEST,LZ_WEST,REXALL_8,ONCOR,ECTOR,44372,79766,31.82736,-102.3271
1053,GENRUBR_8,138,WZ_FAR_WEST,LZ_WEST,GENRUBR_8,ONCOR,ECTOR,44372,79766,31.82598,-102.335
1053,GENRUBR_8,138,WZ_FAR_WEST,LZ_WEST,GENRUBR_8,ONCOR,ECTOR,44372,79766,31.82598,-102.335
1053,GENRUBR_8,138,WZ_FAR_WEST,LZ_WEST,GENRUBR_8,ONCOR,ECTOR,44372,79766,31.82598,-102.335
1053,GENRUBR_8,138,WZ_FAR_WEST,LZ_WEST,GENRUBR_8,ONCOR,ECTOR,44372,79766,31.82598,-102.335
1053,GENRUBR_8,138,WZ_FAR_WEST,LZ_WEST,GENRUBR_8,ONCOR,ECTOR,44372,79766,31.82598,-102.335
1054,OLFNNSHL_8,138,WZ_FAR_WEST,LZ_WEST,OLFNNSHL_8,ONCOR,ECTOR,44372,79766,31.83401,-102.3263
1054,OLFNNSHL_8,138,WZ_FAR_WEST,LZ_WEST,OLFNNSHL_8,ONCOR,ECTOR,44372,79766,31.83401,-102.3263
1054,OLFNNSHL_8,138,WZ_FAR_WEST,LZ_WEST,OLFNNSHL_8,ONCOR,ECTOR,44372,79766,31.83401,-102.3263
1054,OLFNNSHL_8,138,WZ_FAR_WEST,LZ_WEST,OLFNNSHL_8,ONCOR,ECTOR,44372,79766,31.83401,-102.3263
1054,OLFNNSHL_8,138,WZ_FAR_WEST,LZ_WEST,OLFNNSHL_8,ONCOR,ECTOR,44372,79766,31.83401,-102.3263
1054,OLFNNSHL_8,138,WZ_FAR_WEST,LZ_WEST,OLFNNSHL_8,ONCOR,ECTOR,44372,79766,31.83401,-102.3263
1054,OLFNNSHL_8,138,WZ_FAR_WEST,LZ_WEST,OLFNNSHL_8,ONCOR,ECTOR,44372,79766,31.83401,-102.3263
1054,OLFNNSHL_8,138,WZ_FAR_WEST,LZ_WEST,OLFNNSHL_8,ONCOR,ECTOR,44372,79766,31.83401,-102.3263
1054,OLFNNSHL_8,138,WZ_FAR_WEST,LZ_WEST,OLFNNSHL_8,ONCOR,ECTOR,44372,79766,31.83401,-102.3263
1054,OLFNNSHL_8,138,WZ_FAR_WEST,LZ_WEST,OLFNNSHL_8,ONCOR,ECTOR,44372,79766,31.83401,-102.3263
1054,OLFNNSHL_8,138,WZ_FAR_WEST,LZ_WEST,OLFNNSHL_8,ONCOR,ECTOR,44372,79766,31.83401,-102.3263
1074,WINKSS_8,138,WZ_FAR_WEST,LZ_WEST,WINKSS_8,ONCOR,WINKLER,40051,79789,31.76329,-103.1448
1074,WINKSS_8,138,WZ_FAR_WEST,LZ_WEST,WINKSS_8,ONCOR,WINKLER,40051,79789,31.76329,-103.1448
1077,BALDING_8,138,WZ_FAR_WEST,LZ_WEST,WILDCAT_8,ONCOR,WINKLER,40051,79789,31.80242,-103.23995
1079,SALTCRKW_8,138,WZ_FAR_WEST,LZ_WEST,SALTCRKW_8,ONCOR,WINKLER,44372,79770,31.81771,-104.04646
1080,WHITOIL_8,138,WZ_FAR_WEST,LZ_WEST,WHITOIL_8,ONCOR,WARD,44372,79788,31.5812,-102.9911
1080,WHITOIL_8,138,WZ_FAR_WEST,LZ_WEST,WHITOIL_8,ONCOR,WARD,44372,79788,31.5812,-102.9911
1080,WHITOIL_8,138,WZ_FAR_WEST,LZ_WEST,WHITOIL_8,ONCOR,WARD,44372,79788,31.5812,-102.9911
1081,ANDRANCHT_8,138,WZ_FAR_WEST,LZ_WEST,ANADARKOT_8,ONCOR,LOVING,44372,79754,31.90415,-103.70978
1083,MIDCREST_8,138,WZ_FAR_WEST,LZ_WEST,NUEVOMID1_8,ONCOR,CULBERSON,44372,79770,31.80237,-103.8183
1083,MIDCREST_8,138,WZ_FAR_WEST,LZ_WEST,NUEVOMID1_8,ONCOR,CULBERSON,44372,79770,31.80237,-103.8183
1085,RED_BLUFF1_8,138,WZ_FAR_WEST,LZ_WEST,MENTONE_SW_8,ONCOR,REEVES,44372,79770,31.80041,-103.932
1085,RED_BLUFF1_8,138,WZ_FAR_WEST,LZ_WEST,MENTONE_SW_8,ONCOR,REEVES,44372,79770,31.80042,-103.932
1085,RED_BLUFF1_8,138,WZ_FAR_WEST,LZ_WEST,MENTONE_SW_8,ONCOR,REEVES,44372,79770,31.80042,-103.932
1085,RED_BLUFF1_8,138,WZ_FAR_WEST,LZ_WEST,MENTONE_SW_8,ONCOR,REEVES,44372,79770,31.80042,-103.932
1088,WICKETT_8,138,WZ_FAR_WEST,LZ_WEST,WICKETT_8,ONCOR,WARD,44372,79788,31.58104,-102.9914
1090,SCRWBEAN_8,138,WZ_FAR_WEST,LZ_WEST,SCRWBEAN_8,ONCOR,CULBERSON,44372,79770,31.8218,-104.04579
1090,SCRWBEAN_8,138,WZ_FAR_WEST,LZ_WEST,SCRWBEAN_8,ONCOR,CULBERSON,44372,79770,31.8218,-104.04579
1091,WARDGULF_8,138,WZ_FAR_WEST,LZ_WEST,WARDGULF_8,ONCOR,WARD,40051,79788,31.5755,-103.0237
1092,LOVING_8,138,WZ_FAR_WEST,LZ_WEST,LOVING_8,ONCOR,LOVING,44372,79754,31.77631,-103.40526
1092,LOVING_8,138,WZ_FAR_WEST,LZ_WEST,LOVING_8,ONCOR,LOVING,44372,79754,31.77631,-103.40526
1093,ELMAR_8,138,WZ_FAR_WEST,LZ_WEST,ELMAR_8,ONCOR,LOVING,44372,79754,31.78814,-103.6198
1093,ELMAR_8,138,WZ_FAR_WEST,LZ_WEST,ELMAR_8,ONCOR,LOVING,44372,79754,31.78814,-103.6198
1094,MASON_8,138,WZ_FAR_WEST,LZ_WEST,MASON_8,ONCOR,REEVES,44372,79770,31.80321,-103.8139
1094,MASON_8,138,WZ_FAR_WEST,LZ_WEST,MASON_8,ONCOR,REEVES,44372,79770,31.80321,-103.8139
1094,MASON_8,138,WZ_FAR_WEST,LZ_WEST,MASON_8,ONCOR,REEVES,44372,79770,31.80321,-103.8139
1096,BLACKRVR_8,138,WZ_FAR_WEST,LZ_WEST,BLACKRVR_8,ONCOR,CULBERSON,44372,79772,31.83377,-104.2868
1097,CULBERSONT_8,138,WZ_FAR_WEST,LZ_WEST,TWPPMTR_8,ONCOR,CULBERSON,44372,79772,31.7581,-104.3043
1097,CULBERSONT_8,138,WZ_FAR_WEST,LZ_WEST,TWPPMTR_8,ONCOR,CULBERSON,44372,79772,31.7581,-104.3043
1100,SWPORTLA_8,138,WZ_FAR_WEST,LZ_WEST,SWPORTLA_8,ONCOR,ECTOR,44372,79763,31.74698,-102.5447
1100,SWPORTLA_8,138,WZ_FAR_WEST,LZ_WEST,SWPORTLA_8,ONCOR,ECTOR,44372,79763,31.74698,-102.5447
1101,EDWARDS_8,138,WZ_FAR_WEST,LZ_WEST,EDWARDS_8,ONCOR,CRANE,44372,79766,31.64413,-102.5045
1102,JUDKINS_8,138,WZ_FAR_WEST,LZ_WEST,JUDKINS_8,ONCOR,ECTOR,44372,79766,31.71652,-102.5972
1102,JUDKINS_8,138,WZ_FAR_WEST,LZ_WEST,JUDKINS_8,ONCOR,ECTOR,44372,79766,31.71652,-102.5972
1104,SANDHILL_8,138,WZ_FAR_WEST,LZ_WEST,SANDHILL_8,ONCOR,CRANE,44372,79756,31.63003,-102.8543
1106,MONAHN1_8,138,WZ_FAR_WEST,LZ_WEST,MONAHN1_8,ONCOR,WARD,44372,79756,31.59421,-102.8997
1108,MONAHN2_8,138,WZ_FAR_WEST,LZ_WEST,MONAHN2_8,ONCOR,WARD,44372,79756,31.59421,-102.8997
1108,MONAHN2_8,138,WZ_FAR_WEST,LZ_WEST,MONAHN2_8,ONCOR,WARD,44372,79756,31.59421,-102.8997
1112,BIG3OD_8,138,WZ_FAR_WEST,LZ_WEST,BIG3OD_8,ONCOR,ECTOR,44372,79766,31.82726,-102.3272
1113,ODESASW1_8,138,WZ_FAR_WEST,LZ_WEST,ODESASW1_8,ONCOR,ECTOR,44372,79766,31.79891,-102.3913
1113,ODESASW1_8,138,WZ_FAR_WEST,LZ_WEST,ODESASW1_8,ONCOR,ECTOR,44372,79766,31.79891,-102.3913
1113,ODESASW1_8,138,WZ_FAR_WEST,LZ_WEST,ODESASW1_8,ONCOR,ECTOR,44372,79766,31.79891,-102.3913
1115,TIDEWATER_8,138,WZ_FAR_WEST,LZ_WEST,TIDEWATER_8,ONCOR,ECTOR,44372,79766,31.85255,-102.3077
1121,GLENHAVN_8,138,WZ_FAR_WEST,LZ_WEST,GLENHAVN_8,ONCOR,ECTOR,44372,79762,31.89035,-102.3084
1121,GLENHAVN_8,138,WZ_FAR_WEST,LZ_WEST,GLENHAVN_8,ONCOR,ECTOR,44372,79762,31.89035,-102.3084
1121,GLENHAVN_8,138,WZ_FAR_WEST,LZ_WEST,GLENHAVN_8,ONCOR,ECTOR,44372,79762,31.89035,-102.3084
1121,GLENHAVN_8,138,WZ_FAR_WEST,LZ_WEST,GLENHAVN_8,ONCOR,ECTOR,44372,79762,31.89035,-102.3084
1121,GLENHAVN_8,138,WZ_FAR_WEST,LZ_WEST,GLENHAVN_8,ONCOR,ECTOR,44372,79762,31.89035,-102.308
1121,GLENHAVN_8,138,WZ_FAR_WEST,LZ_WEST,GLENHAVN_8,ONCOR,ECTOR,44372,79762,31.89035,-102.308
1122,ODESSANO_8,138,WZ_FAR_WEST,LZ_WEST,ODESSANO_8,ONCOR,ECTOR,44372,79764,31.87245,-102.3975
1122,ODESSANO_8,138,WZ_FAR_WEST,LZ_WEST,ODESSANO_8,ONCOR,ECTOR,44372,79764,31.87245,-102.3975
1122,ODESSANO_8,138,WZ_FAR_WEST,LZ_WEST,ODESSANO_8,ONCOR,ECTOR,44372,79764,31.87245,-102.3975
1122,ODESSANO_8,138,WZ_FAR_WEST,LZ_WEST,ODESSANO_8,ONCOR,ECTOR,44372,79764,31.87245,-102.3975
1122,ODESSANO_8,138,WZ_FAR_WEST,LZ_WEST,ODESSANO_8,ONCOR,ECTOR,44372,79764,31.87245,-102.3975
1123,ODESSANO_9,69,WZ_FAR_WEST,LZ_WEST,ODESSANO_9,ONCOR,ECTOR,44372,79764,31.87245,-102.3975
1126,ODESSA2_8,138,WZ_FAR_WEST,LZ_WEST,ODESSA2_8,ONCOR,ECTOR,44372,79766,31.83556,-102.3303
1126,ODESSA2_8,138,WZ_FAR_WEST,LZ_WEST,ODESSA2_8,ONCOR,ECTOR,44372,79766,31.83556,-102.3303
1126,ODESSA2_8,138,WZ_FAR_WEST,LZ_WEST,ODESSA2_8,ONCOR,ECTOR,44372,79766,31.83556,-102.3303
1126,ODESSA2_8,138,WZ_FAR_WEST,LZ_WEST,ODESSA2_8,ONCOR,ECTOR,44372,79766,31.83556,-102.3303
1128,LIQDAIR_8,138,WZ_FAR_WEST,LZ_WEST,LIQDAIR_8,ONCOR,ECTOR,,79761,31.84834,-102.3546
1128,LIQDAIR_8,138,WZ_FAR_WEST,LZ_WEST,LIQDAIR_8,ONCOR,ECTOR,,79761,31.84834,-102.3546
1129,WESTOVER_8,138,WZ_FAR_WEST,LZ_WEST,WESTOVER_8,ONCOR,ECTOR,44372,79763,31.83606,-102.4436
1129,WESTOVER_8,138,WZ_FAR_WEST,LZ_WEST,WESTOVER_8,ONCOR,ECTOR,44372,79763,31.83606,-102.4436
1130,AMOSFOST_8,138,WZ_FAR_WEST,LZ_WEST,AMOSFOST_8,ONCOR,ECTOR,44372,79763,31.83894,-102.4388
1130,AMOSFOST_8,138,WZ_FAR_WEST,LZ_WEST,AMOSFOST_8,ONCOR,ECTOR,44372,79763,31.83894,-102.4388
1139,HEADLEE_8,138,WZ_FAR_WEST,LZ_WEST,HEADLEE_8,ONCOR,ECTOR,44372,79766,31.83523,-102.3303
1141,HOLTSS_8,138,WZ_FAR_WEST,LZ_WEST,HOLTSS_8,ONCOR,ECTOR,44372,79741,32.06358,-102.5843
1141,HOLTSS_8,138,WZ_FAR_WEST,LZ_WEST,HOLTSS_8,ONCOR,ECTOR,44372,79741,32.06358,-102.5843
1141,HOLTSS_8,138,WZ_FAR_WEST,LZ_WEST,HOLTSS_8,ONCOR,ECTOR,44372,79741,32.06358,-102.5843
1141,HOLTSS_8,138,WZ_FAR_WEST,LZ_WEST,HOLTSS_8,ONCOR,ECTOR,44372,79741,32.06358,-102.5843
1141,HOLTSS_8,138,WZ_FAR_WEST,LZ_WEST,HOLTSS_8,ONCOR,ECTOR,44372,79741,32.06358,-102.5843
1141,HOLTSS_8,138,WZ_FAR_WEST,LZ_WEST,HOLTSS_8,ONCOR,ECTOR,44372,79741,32.06358,-102.5843
1141,HOLTSS_8,138,WZ_FAR_WEST,LZ_WEST,HOLTSS_8,ONCOR,ECTOR,44372,79741,32.06358,-102.5843
1141,HOLTSS_8,138,WZ_FAR_WEST,LZ_WEST,HOLTSS_8,ONCOR,ECTOR,44372,79741,32.06358,-102.5843
1141,HOLTSS_8,138,WZ_FAR_WEST,LZ_WEST,HOLTSS_8,ONCOR,ECTOR,44372,79741,32.06358,-102.5843
1141,HOLTSS_8,138,WZ_FAR_WEST,LZ_WEST,HOLTSS_8,ONCOR,ECTOR,44372,79741,32.06358,-102.5843
1141,HOLTSS_8,138,WZ_FAR_WEST,LZ_WEST,HOLTSS_8,ONCOR,ECTOR,44372,79741,32.06358,-102.5843
1144,AMNCOWD_8,138,WZ_FAR_WEST,LZ_WEST,AMNCOWD_8,ONCOR,ECTOR,44372,79741,32.00607,-102.5168
1145,AMGLDSMI_8,138,WZ_FAR_WEST,LZ_WEST,AMGLDSMI_8,ONCOR,ECTOR,44372,79741,31.99062,-102.6531
1145,AMGLDSMI_8,138,WZ_FAR_WEST,LZ_WEST,AMGLDSMI_8,ONCOR,ECTOR,44372,79741,31.99062,-102.6531
1146,NOTREES_SE_8,138,WZ_FAR_WEST,LZ_WEST,APAC_TXN1_8,ONCOR,ECTOR,44372,79745,31.99763,-102.83351
1148,CHEYENNE_8,138,WZ_FAR_WEST,LZ_WEST,CHEYENNE_8,ONCOR,WINKLER,44372,79745,31.93488,-103.0444
1148,CHEYENNE_8,138,WZ_FAR_WEST,LZ_WEST,CHEYENNE_8,ONCOR,WINKLER,44372,79745,31.93488,-103.0444
1149,DOLRHIDE_8,138,WZ_FAR_WEST,LZ_WEST,DOLRHIDE_8,ONCOR,WINKLER,44372,79714,32.14772,-103.055
1149,DOLRHIDE_8,138,WZ_FAR_WEST,LZ_WEST,DOLRHIDE_8,ONCOR,WINKLER,44372,79714,32.14772,-103.055
1176,GRANDVEW_8,138,WZ_FAR_WEST,LZ_WEST,GRANDVEW_8,ONCOR,ECTOR,44372,79762,31.9029,-102.355
1176,GRANDVEW_8,138,WZ_FAR_WEST,LZ_WEST,GRANDVEW_8,ONCOR,ECTOR,44372,79762,31.9029,-102.355
1176,GRANDVEW_8,138,WZ_FAR_WEST,LZ_WEST,GRANDVEW_8,ONCOR,ECTOR,44372,79762,31.9029,-102.355
1180,ECTRHILL_8,138,WZ_FAR_WEST,LZ_WEST,ECTRHILL_8,ONCOR,ECTOR,44372,79764,31.92347,-102.4332
1180,ECTRHILL_8,138,WZ_FAR_WEST,LZ_WEST,ECTRHILL_8,ONCOR,ECTOR,44372,79764,31.92347,-102.4332
1180,ECTRHILL_8,138,WZ_FAR_WEST,LZ_WEST,ECTRHILL_8,ONCOR,ECTOR,44372,79764,31.92347,-102.4332
1180,ECTRHILL_8,138,WZ_FAR_WEST,LZ_WEST,ECTRHILL_8,ONCOR,ECTOR,44372,79764,31.92347,-102.4332
1187,PARKSBL_8,138,WZ_FAR_WEST,LZ_WEST,PARKSBL_8,ONCOR,ECTOR,,79762,31.93464,-102.31168
1196,CRANE_8,138,WZ_FAR_WEST,LZ_WEST,CRANE_8,ONCOR,CRANE,20404,79731,31.41077,-102.3385
1197,CRANENORTH_9,69,WZ_FAR_WEST,LZ_WEST,APAC_NMU1_9,ONCOR,CRANE,20404,79731,31.46196,-102.3518
1198,CRANE_9,69,WZ_FAR_WEST,LZ_WEST,CRANE_9,ONCOR,CRANE,20404,79731,31.41077,-102.3385
1198,CRANE_9,69,WZ_FAR_WEST,LZ_WEST,CRANE_9,ONCOR,CRANE,20404,79731,31.41077,-102.3385
1201,ARCOCRN_8,138,WZ_FAR_WEST,LZ_WEST,ARCOCRN_8,ONCOR,CRANE,44372,79731,31.44057,-102.4592
1201,ARCOCRN_8,138,WZ_FAR_WEST,LZ_WEST,ARCOCRN_8,ONCOR,CRANE,44372,79731,31.44057,-102.4592
1201,ARCOCRN_8,138,WZ_FAR_WEST,LZ_WEST,ARCOCRN_8,ONCOR,CRANE,44372,79731,31.44057,-102.4592
1203,BARNSLEY_9,69,WZ_FAR_WEST,LZ_WEST,BARNSLEY_9,ONCOR,CRANE,44372,79731,31.40638,-102.598
1203,BARNSLEY_9,69,WZ_FAR_WEST,LZ_WEST,BARNSLEY_9,ONCOR,CRANE,44372,79731,31.40638,-102.598
1205,EXONJUAN_9,69,WZ_FAR_WEST,LZ_WEST,EXONJUAN_9,ONCOR,CRANE,44372,79731,31.32573,-102.5631
1207,CRANATLC_9,69,WZ_FAR_WEST,LZ_WEST,CRANATLC_9,ONCOR,CRANE,44372,79731,31.43199,-102.4377
1209,CENTRALIA_8,138,WZ_FAR_WEST,LZ_WEST,CENTRALIA_8,ONCOR,UPTON,44372,79755,31.34667,-101.801
1212,UPTON_8,138,WZ_FAR_WEST,LZ_WEST,UPTON_8,ONCOR,UPTON,44372,79755,31.43841,-101.8849
1214,CRANEAST_8,138,WZ_FAR_WEST,LZ_WEST,CRANE EAST,ONCOR,UPTON,44372,79731,31.43296,-102.1316
1214,CRANEAST_8,138,WZ_FAR_WEST,LZ_WEST,CRANE EAST,ONCOR,UPTON,44372,79731,31.43296,-102.1316
1214,CRANEAST_8,138,WZ_FAR_WEST,LZ_WEST,CRANE EAST,ONCOR,UPTON,44372,79731,31.43296,-102.1316
1215,PEMBROOK_9,69,WZ_FAR_WEST,LZ_WEST,PEMBROOK_9,ONCOR,UPTON,44372,79755,31.56719,-101.8212
1232,CRANEHUM_9,69,WZ_FAR_WEST,LZ_WEST,CRANEHUM_9,ONCOR,CRANE,44372,79731,31.46196,-102.3518
1232,CRANEHUM_9,69,WZ_FAR_WEST,LZ_WEST,CRANEHUM_9,ONCOR,CRANE,44372,79731,31.46196,-102.3518
1238,ROYALTY_9,69,WZ_FAR_WEST,LZ_WEST,ROYALTY_9,ONCOR,WARD,44372,79756,31.38851,-102.8695
1239,COYANOSA_9,69,WZ_FAR_WEST,LZ_WEST,COYANOSA_9,ONCOR,PECOS,44372,79730,31.2937,-103.1134
1241,WOLFCAMP_9,69,WZ_FAR_WEST,LZ_WEST,WOLFCAMP_9,ONCOR,PECOS,44372,79730,31.18468,-103.0354
1242,NNATURAL_9,69,WZ_FAR_WEST,LZ_WEST,NNATURAL_9,ONCOR,PECOS,16057,79735,30.99523,-102.924573
1243,COYANOSNW_8,138,WZ_FAR_WEST,LZ_WEST,COYANOSNW_8,ONCOR,PECOS,44372,79743,31.26291,-102.962
1246,WINKBASN_9,69,WZ_FAR_WEST,LZ_WEST,WINKBASN_9,ONCOR,WINKLER,40051,79789,31.76329,-103.1448
1249,KEYSTONE_9,69,WZ_FAR_WEST,LZ_WEST,KEYSTONE_9,ONCOR,WINKLER,44372,79745,31.90735,-103.14503
1250,YUKONSS_8,138,WZ_FAR_WEST,LZ_WEST,YUKONSS_8,ONCOR,ECTOR,44372,79764,31.89653,-102.4615
1250,YUKONSS_8,138,WZ_FAR_WEST,LZ_WEST,YUKONSS_8,ONCOR,ECTOR,44372,79764,31.89653,-102.4615
1251,NOTREES_SO_9,69,WZ_FAR_WEST,LZ_WEST,APAC_TXS1_9,ONCOR,ECTOR,44372,79745,31.99765,-102.8336
1251,NOTREES_SO_9,69,WZ_FAR_WEST,LZ_WEST,APAC_TXS1_9,ONCOR,ECTOR,44372,79745,31.99765,-102.8336
1252,VEST_8,138,WZ_FAR_WEST,LZ_WEST,VEST_9,ONCOR,WINKLER,,79745,31.76983,-103.0354
1252,VEST_8,138,WZ_FAR_WEST,LZ_WEST,VEST_9,ONCOR,WINKLER,,79745,31.76983,-103.0354
1253,MIDWAY_9,69,WZ_FAR_WEST,LZ_WEST,MIDWAY_9,ONCOR,ECTOR,44372,79759,31.84159,-102.72722
1253,MIDWAY_9,69,WZ_FAR_WEST,LZ_WEST,MIDWAY_9,ONCOR,ECTOR,44372,79759,31.84159,-102.72722
1253,MIDWAY_9,69,WZ_FAR_WEST,LZ_WEST,MIDWAY_9,ONCOR,ECTOR,44372,79759,31.84159,-102.72722
1253,MIDWAY_9,69,WZ_FAR_WEST,LZ_WEST,MIDWAY_9,ONCOR,ECTOR,44372,79759,31.84159,-102.72722
1254,ODBASSS_9,69,WZ_FAR_WEST,LZ_WEST,ODBASSS_9,ONCOR,ECTOR,44372,79764,31.90275,-102.4121
1255,ODESBASN_9,69,WZ_FAR_WEST,LZ_WEST,ODESBASN_9,ONCOR,ECTOR,44372,79764,31.89757,-102.5669
1255,ODESBASN_9,69,WZ_FAR_WEST,LZ_WEST,ODESBASN_9,ONCOR,ECTOR,44372,79764,31.89757,-102.5669
1258,SANDRIDGE_9,69,WZ_FAR_WEST,LZ_WEST,SANDRIDGE_8,ONCOR,ECTOR,44372,79759,31.85861,-102.6481
1268,GOLDSGULF1_8,138,WZ_FAR_WEST,LZ_WEST,GOLDSGULF1_8,ONCOR,ECTOR,44372,79741,31.97365,-102.636
1292,ECTRHARP_8,138,WZ_FAR_WEST,LZ_WEST,ECTRHARP_8,ONCOR,ECTOR,44372,79763,31.79839,-102.52833
1296,NORTHWRD_9,69,WZ_FAR_WEST,LZ_WEST,NORTHWRD_9,ONCOR,WARD,44372,79754,31.70429,-103.476
6021,ENRWP4,138,WZ_FAR_WEST,LZ_WEST,DESERT SKY I (FORMERLY ENRON AND INDIAN MESA POWER,AEP,PECOS,17693,79744,30.91601,-102.1097
6021,ENRWP4,138,WZ_FAR_WEST,LZ_WEST,DESERT SKY I (FORMERLY ENRON AND INDIAN MESA POWER,AEP,PECOS,17693,79744,30.91601,-102.1097
6545,POWELLFI2A,69,WZ_FAR_WEST,LZ_WEST,POWELL FIELD,AEP,CROCKETT,20404,76932,31.0225,-101.5849
6547,STRS2A,69,WZ_FAR_WEST,LZ_WEST,SWTEC STRAUSS RANCH,AEP,CROCKETT,20404,76932,31.06014,-101.4612
6549,MIDW2A,69,WZ_FAR_WEST,LZ_WEST,MIDWAY LANE,AEP,CROCKETT,,76943,30.90886,-101.3788
6552,OZNC2A,69,WZ_FAR_WEST,LZ_WEST,CROCKETT HEIGHTS,AEP,CROCKETT,20404,76943,30.7081,-101.1432
6552,OZNC2A,69,WZ_FAR_WEST,LZ_WEST,CROCKETT HEIGHTS,AEP,CROCKETT,20404,76943,30.7081,-101.1432
6560,OZONA2A,69,WZ_FAR_WEST,LZ_WEST,OZONA,AEP,CROCKETT,20404,76943,30.71921,-101.1998
6560,OZONA2A,69,WZ_FAR_WEST,LZ_WEST,OZONA,AEP,CROCKETT,20404,76943,30.71921,-101.1998
6564,ILLN4A,138,WZ_FAR_WEST,LZ_WEST,ILLINOIS #4,AEP,CROCKETT,20404,79781,30.55457,-101.5356
6564,ILLN4A,138,WZ_FAR_WEST,LZ_WEST,ILLINOIS #4,AEP,CROCKETT,20404,79781,30.55457,-101.5356
6564,ILLN4A,138,WZ_FAR_WEST,LZ_WEST,ILLINOIS #4,AEP,CROCKETT,20404,79781,30.55457,-101.5356
6565,ILLN2A,69,WZ_FAR_WEST,LZ_WEST,ILLINOIS #4,AEP,CROCKETT,20404,79781,30.72511,-101.8155
6565,ILLN2A,69,WZ_FAR_WEST,LZ_WEST,ILLINOIS #4,AEP,CROCKETT,20404,79781,30.72511,-101.8155
6567,PANDALE2A,69,WZ_FAR_WEST,LZ_WEST,PANDALE,AEP,CROCKETT,20404,76943,30.46512,-101.4687
6572,MARATHON2A,69,WZ_FAR_WEST,LZ_WEST,MARATHON YATES,AEP,PECOS,17693,79744,30.88404,-101.9204
6575,IRAN2A,69,WZ_FAR_WEST,LZ_WEST,IRAAN,AEP,PECOS,17693,79744,30.91049,-101.8998
6575,IRAN2A,69,WZ_FAR_WEST,LZ_WEST,IRAAN,AEP,PECOS,17693,79744,30.91049,-101.8998
6577,SHEFFIEL2A,69,WZ_FAR_WEST,LZ_WEST,SHEFFIELD,AEP,PECOS,20404,79781,30.72511,-101.8155
6578,FTLN2A,69,WZ_FAR_WEST,LZ_WEST,FORT LANCASTER,AEP,PECOS,20404,79781,30.66353,-101.7786
6579,CACTUS2A,69,WZ_FAR_WEST,LZ_WEST,CACTUS,AEP,CROCKETT,17693,79744,30.89369,-101.8936
6580,AIRP2A,69,WZ_FAR_WEST,LZ_WEST,AIR PRODUCTS,AEP,CROCKETT,17693,79744,30.9224,-101.9325
6580,AIRP2A,69,WZ_FAR_WEST,LZ_WEST,AIR PRODUCTS,AEP,CROCKETT,17693,79744,30.9224,-101.9325
6582,PECOSRVR2A,69,WZ_FAR_WEST,LZ_WEST,PECOS RIVER,AEP,CROCKETT,17693,79744,30.7872,-101.8183
6583,MESAVIEW4A,138,WZ_FAR_WEST,LZ_WEST,MESA VIEW,AEP,CROCKETT,17693,79744,30.82465,-102.0324
6584,INDN4A,138,WZ_FAR_WEST,LZ_WEST,INDIAN MESA,AEP,PECOS,17693,79744,30.91614,-102.1098
6585,DISCOVER2A,69,WZ_FAR_WEST,LZ_WEST,DISCOVERY,AEP,PECOS,17693,79744,30.91299,-101.9435
6586,MCCAMY4,138,WZ_FAR_WEST,LZ_WEST,MCCAMEY,AEP,UPTON,20404,79752,31.13724,-102.2033
6587,STHCROSS2A,69,WZ_FAR_WEST,LZ_WEST,SOUTH CROSS,AEP,PECOS,16057,79735,31.06849,-102.285
6588,SHELLMES2A,69,WZ_FAR_WEST,LZ_WEST,MCCAMEY SHELL MESA,AEP,UPTON,20404,79752,31.10202,-102.1299
6589,RANKIN42A,69,WZ_FAR_WEST,LZ_WEST,RANKIN 12 KV SUB,AEP,UPTON,20404,79778,31.21792,-101.9375
6591,RANKIN2A,69,WZ_FAR_WEST,LZ_WEST,RANKIN 4KV SUB,AEP,UPTON,20404,79778,31.21792,-101.9375
6592,MCAM2A,69,WZ_FAR_WEST,LZ_WEST,MCCAMEY,AEP,UPTON,20404,79752,31.13724,-102.2033
6597,BOBCAT2A,69,WZ_FAR_WEST,LZ_WEST,BOBCAT HILLS,AEP,PECOS,20404,79752,31.10501,-102.2966
6598,RIOP2A,69,WZ_FAR_WEST,LZ_WEST,RIO PECOS,AEP,PECOS,40051,79740,31.08459,-102.3655
6601,RIOPECOS4A,138,WZ_FAR_WEST,LZ_WEST,RIO PECOS,AEP,PECOS,40051,79740,31.08459,-102.3655
6601,RIOPECOS4A,138,WZ_FAR_WEST,LZ_WEST,RIO PECOS,AEP,PECOS,40051,79740,31.08459,-102.3655
6604,SAGE2A,69,WZ_FAR_WEST,LZ_WEST,SAGE,AEP,CRANE,44372,79731,31.424,-102.3415
6605,CRAN_AIR2A,69,WZ_FAR_WEST,LZ_WEST,CRANE COUNTY AIRPORT,AEP,CRANE,20404,79731,31.40984,-102.3386
6606,TNMP2A,69,WZ_FAR_WEST,LZ_WEST,TEXAS NEW MEXICO PIPELINE,AEP,CRANE,44372,79731,31.432,-102.4377
6606,TNMP2A,69,WZ_FAR_WEST,LZ_WEST,TEXAS NEW MEXICO PIPELINE,AEP,CRANE,44372,79731,31.432,-102.4377
6607,MCELROY2A,69,WZ_FAR_WEST,LZ_WEST,CRANE MCELROY,AEP,CRANE,20404,79731,31.41087,-102.3373
6607,MCELROY2A,69,WZ_FAR_WEST,LZ_WEST,CRANE MCELROY,AEP,CRANE,20404,79731,31.41087,-102.3373
6611,DUNEFIEL2A,69,WZ_FAR_WEST,LZ_WEST,DUNE FIELD,AEP,CRANE,20404,79731,31.54562,-102.4507
6613,CRAN2A,69,WZ_FAR_WEST,LZ_WEST,CRANE,AEP,CRANE,20404,79731,31.41077,-102.3385
6615,WTUCRAN4,138,WZ_FAR_WEST,LZ_WEST,CRANE,AEP,CRANE,20404,79731,31.41077,-102.3385
6628,FTST2A,69,WZ_FAR_WEST,LZ_WEST,FORT STOCKTON PLANT,AEP,PECOS,16057,79735,30.92743,-102.9555
6628,FTST2A,69,WZ_FAR_WEST,LZ_WEST,FORT STOCKTON PLANT,AEP,PECOS,16057,79735,30.92743,-102.9555
6628,FTST2A,69,WZ_FAR_WEST,LZ_WEST,FORT STOCKTON PLANT,AEP,PECOS,16057,79735,30.92743,-102.9555
6630,FTST4A,138,WZ_FAR_WEST,LZ_WEST,FORT STOCKTON PLANT,AEP,PECOS,16057,79735,30.92743,-102.9555
6630,FTST4A,138,WZ_FAR_WEST,LZ_WEST,FORT STOCKTON PLANT,AEP,PECOS,16057,79735,30.92743,-102.9555
6630,FTST4A,138,WZ_FAR_WEST,LZ_WEST,FORT STOCKTON PLANT,AEP,PECOS,16057,79735,30.92743,-102.9555
6630,FTST4A,138,WZ_FAR_WEST,LZ_WEST,FORT STOCKTON PLANT,AEP,PECOS,16057,79735,30.92743,-102.9555
6630,FTST4A,138,WZ_FAR_WEST,LZ_WEST,FORT STOCKTON PLANT,AEP,PECOS,16057,79735,30.92743,-102.9555
6630,FTST4A,138,WZ_FAR_WEST,LZ_WEST,FORT STOCKTON PLANT,AEP,PECOS,16057,79735,30.92727,-102.9553
6630,FTST4A,138,WZ_FAR_WEST,LZ_WEST,FORT STOCKTON PLANT,AEP,PECOS,16057,79735,30.92727,-102.9553
6639,MCAN4A,138,WZ_FAR_WEST,LZ_WEST,NORTH MCCAMEY 138,AEP,UPTON,20404,79752,31.15371,-102.2233
6639,MCAN4A,138,WZ_FAR_WEST,LZ_WEST,NORTH MCCAMEY 138,AEP,UPTON,20404,79752,31.15371,-102.2233
6640,CASTLGAP4A,138,WZ_FAR_WEST,LZ_WEST,CASTLE GAP,AEP,UPTON,20404,79752,31.30715,-102.2733
6641,SUNV2A,69,WZ_FAR_WEST,LZ_WEST,SUN VALLEY SUB (SWTEC),AEP,PECOS,20404,79743,31.09559,-102.5232
6642,MAST2A,69,WZ_FAR_WEST,LZ_WEST,MASTERSON FIELD,AEP,PECOS,20404,79743,31.10652,-102.6442
6643,PECV2A,69,WZ_FAR_WEST,LZ_WEST,PECOS VALLEY,AEP,PECOS,44372,79772,31.09689,-102.7948
6645,FTSW2A,69,WZ_FAR_WEST,LZ_WEST,RGEC FT STOCKTON SWITCHING STATION,AEP,REEVES,16057,79735,31.01675,-103.1029
6645,FTSW2A,69,WZ_FAR_WEST,LZ_WEST,RGEC FT STOCKTON SWITCHING STATION,AEP,REEVES,16057,79735,31.01675,-103.1029
6649,VERH2A,69,WZ_FAR_WEST,LZ_WEST,VERHALEN,AEP,REEVES,44372,79772,31.14456,-103.59
6651,CHERRYCR2A,69,WZ_FAR_WEST,LZ_WEST,CHERRY CREEK,AEP,REEVES,44372,79772,31.10179,-103.5999
6652,SGSA2A,69,WZ_FAR_WEST,LZ_WEST,SARAGOSA,AEP,REEVES,20404,79780,31.04226,-103.6539
6653,BARL2A,69,WZ_FAR_WEST,LZ_WEST,BARRILLA JUNCTION,AEP,PECOS,3278,79735,30.94718,-103.36534
6653,BARL2A,69,WZ_FAR_WEST,LZ_WEST,BARRILLA JUNCTION,AEP,PECOS,3278,79735,30.94718,-103.36534
6653,BARL2A,69,WZ_FAR_WEST,LZ_WEST,BARRILLA JUNCTION,AEP,PECOS,3278,79735,30.94718,-103.36534
6653,BARL2A,69,WZ_FAR_WEST,LZ_WEST,BARRILLA JUNCTION,AEP,PECOS,3278,79735,30.94718,-103.36534
6653,BARL2A,69,WZ_FAR_WEST,LZ_WEST,BARRILLA JUNCTION,AEP,PECOS,3278,79735,30.94718,-103.36534
6653,BARL2A,69,WZ_FAR_WEST,LZ_WEST,BARRILLA JUNCTION,AEP,PECOS,3278,79735,30.94718,-103.36534
6654,HOEFSROA2A,69,WZ_FAR_WEST,LZ_WEST,HOEFS ROAD,AEP,REEVES,20404,79780,31.0061,-103.4865
6655,BARL4A,138,WZ_FAR_WEST,LZ_WEST,BARRILLA JUNCTION,AEP,PECOS,3278,79735,30.94718,-103.36534
6655,BARL4A,138,WZ_FAR_WEST,LZ_WEST,BARRILLA JUNCTION,AEP,PECOS,3278,79735,30.94718,-103.36534
6665,ALPR2A,69,WZ_FAR_WEST,LZ_WEST,RGEC ALPINE,AEP,BREWSTER,20404,79831,30.38948,-103.5248
6666,ALPINE2A,69,WZ_FAR_WEST,LZ_WEST,ALPINE,AEP,BREWSTER,20404,79830,30.35556,-103.6633
6666,ALPINE2A,69,WZ_FAR_WEST,LZ_WEST,ALPINE,AEP,BREWSTER,20404,79830,30.35556,-103.6633
6666,ALPINE2A,69,WZ_FAR_WEST,LZ_WEST,ALPINE,AEP,BREWSTER,20404,79830,30.35556,-103.6633
6667,PAIS2A,69,WZ_FAR_WEST,LZ_WEST,PAISANO,AEP,PRESIDIO,20404,79830,30.30702,-103.8017
6672,ALMC2B,69,WZ_FAR_WEST,LZ_WEST,ALAMITO,AEP,PRESIDIO,20404,79843,30.31626,-104.0088
6673,MUSQUIZ4A,138,WZ_FAR_WEST,LZ_WEST,MUSQUIZ,AEP,REEVES,40051,79772,31.23844,-103.1583
6674,BRONCO2A,69,WZ_FAR_WEST,LZ_WEST,BRONCO,AEP,BREWSTER,20404,79831,30.38953,-103.5248
6674,BRONCO2A,69,WZ_FAR_WEST,LZ_WEST,BRONCO,AEP,BREWSTER,20404,79831,30.38953,-103.5248
6674,BRONCO2A,69,WZ_FAR_WEST,LZ_WEST,BRONCO,AEP,BREWSTER,20404,79831,30.38953,-103.5248
6674,BRONCO2A,69,WZ_FAR_WEST,LZ_WEST,BRONCO,AEP,BREWSTER,20404,79831,30.38953,-103.5248
6675,GONZALES2A,69,WZ_FAR_WEST,LZ_WEST,GONZALES,AEP,PRESIDIO,19806,79845,29.56629,-104.3559
6676,FORTDAVI2A,69,WZ_FAR_WEST,LZ_WEST,FORT DAVIS,AEP,JEFF DAVIS,20404,79734,30.58524,-103.8985
6676,FORTDAVI2A,69,WZ_FAR_WEST,LZ_WEST,FORT DAVIS,AEP,JEFF DAVIS,20404,79734,30.58524,-103.8985
6678,ALMC2A,69,WZ_FAR_WEST,LZ_WEST,ALAMITO,AEP,PRESIDIO,20404,79843,30.31626,-104.0088
6680,ALMC4A,138,WZ_FAR_WEST,LZ_WEST,ALAMITO,AEP,PRESIDIO,20404,79843,30.31626,-104.0088
6680,ALMC4A,138,WZ_FAR_WEST,LZ_WEST,ALAMITO,AEP,PRESIDIO,20404,79843,30.31626,-104.0088
6681,MARFA2A,69,WZ_FAR_WEST,LZ_WEST,MARFA,AEP,PRESIDIO,20404,79843,30.31627,-104.00867
6682,CIEN2A,69,WZ_FAR_WEST,LZ_WEST,RGEC CIENEGA,AEP,PRESIDIO,20404,79843,30.02529,-104.196
6682,CIEN2A,69,WZ_FAR_WEST,LZ_WEST,RGEC CIENEGA,AEP,PRESIDIO,20404,79843,30.02529,-104.196
6683,SHAF2A,69,WZ_FAR_WEST,LZ_WEST,SHAFTER GOLDMINE,AEP,PRESIDIO,20404,79843,29.82155,-104.325
6689,BRYR2A,69,WZ_FAR_WEST,LZ_WEST,BRYANT'S RANCH,AEP,PRESIDIO,20404,79843,30.02514,-104.196
6691,ESPY2A,69,WZ_FAR_WEST,LZ_WEST,ESPY WELLS,AEP,JEFF DAVIS,20404,79734,30.52242,-103.9269
6692,POND2A,69,WZ_FAR_WEST,LZ_WEST,KENNEDY PONDER,AEP,JEFF DAVIS,20404,79843,30.467,-103.9486
7053,L_NOELK5_1Y,345,WZ_FAR_WEST,LZ_WEST,NOELKE,LCRA,CROCKETT,,76932,30.98434,-101.70041
7053,L_NOELK5_1Y,345,WZ_FAR_WEST,LZ_WEST,NOELKE,LCRA,CROCKETT,,76932,30.98434,-101.70041
7053,L_NOELK5_1Y,345,WZ_FAR_WEST,LZ_WEST,NOELKE,LCRA,CROCKETT,,76932,30.98434,-101.70041
7387,L_KUNITZ8_1Y,138,WZ_FAR_WEST,LZ_WEST,KUNITZ,LCRA,CULBERSON,,79849,31.76763,-104.9033
7387,L_KUNITZ8_1Y,138,WZ_FAR_WEST,LZ_WEST,KUNITZ,LCRA,CULBERSON,16057,79847,31.76763,-104.9033
7387,L_KUNITZ8_1Y,138,WZ_FAR_WEST,LZ_WEST,KUNITZ,LCRA,CULBERSON,20404,79850,31.76763,-104.9033
11015,YUCCA_SR_8,138,WZ_FAR_WEST,LZ_WEST,YUCCA_SR_8,ONCOR,WARD,44372,79756,31.58479,-102.9627
11015,YUCCA_SR_8,138,WZ_FAR_WEST,LZ_WEST,YUCCA_SR_8,ONCOR,WARD,44372,79756,31.58479,-102.9627
11016,QUAILSW_5,345,WZ_FAR_WEST,LZ_WEST,QUAILSW_5,ONCOR,ECTOR,44372,79766,31.84049,-102.31596
11016,QUAILSW_5,345,WZ_FAR_WEST,LZ_WEST,QUAILSW_5,ONCOR,ECTOR,44372,79766,31.84049,-102.31596
11016,QUAILSW_5,345,WZ_FAR_WEST,LZ_WEST,QUAILSW_5,ONCOR,ECTOR,44372,79766,31.84049,-102.31596
11028,ODESEHV2_5,345,WZ_FAR_WEST,LZ_WEST,ODESEHV2_5,ONCOR,ECTOR,44372,79766,31.83626,-102.3295
11028,ODESEHV2_5,345,WZ_FAR_WEST,LZ_WEST,ODESEHV2_5,ONCOR,ECTOR,44372,79766,31.83626,-102.3295
11028,ODESEHV2_5,345,WZ_FAR_WEST,LZ_WEST,ODESEHV2_5,ONCOR,ECTOR,44372,79766,31.83626,-102.3295
11028,ODESEHV2_5,345,WZ_FAR_WEST,LZ_WEST,ODESEHV2_5,ONCOR,ECTOR,44372,79766,31.83626,-102.3295
11028,ODESEHV2_5,345,WZ_FAR_WEST,LZ_WEST,ODESEHV2_5,ONCOR,ECTOR,44372,79766,31.83626,-102.329
11073,RUDD_8,138,WZ_FAR_WEST,LZ_WEST,RUDD_8,ONCOR,WINKLER,44372,79754,31.70422,-103.47612
11076,TOYSHAM_8,138,WZ_FAR_WEST,LZ_WEST,NHARPOON_8,ONCOR,WARD,,79785,31.26223,-103.807198
11079,SALTCRKS_8,138,WZ_FAR_WEST,LZ_WEST,SALTCREKSO_8,ONCOR,WINKLER,44372,79770,33.23107,-100.87
11080,THRMIDRW_8,138,WZ_FAR_WEST,LZ_WEST,THRMIDRW_8,ONCOR,WINKLER,44372,79770,31.80813,-103.90492
11080,THRMIDRW_8,138,WZ_FAR_WEST,LZ_WEST,THRMIDRW_8,ONCOR,WINKLER,44372,79770,31.80813,-103.90492
11080,THRMIDRW_8,138,WZ_FAR_WEST,LZ_WEST,THRMIDRW_8,ONCOR,WINKLER,44372,79770,31.80813,-103.90492
11080,THRMIDRW_8,138,WZ_FAR_WEST,LZ_WEST,THRMIDRW_8,ONCOR,WINKLER,44372,79770,31.80813,-103.90492
11082,MAVRKDRW_8,138,WZ_FAR_WEST,LZ_WEST,CULBER2119_8,ONCOR,WINKLER,44372,79847,31.70885,-104.11802
11083,RIVERTON_8,138,WZ_FAR_WEST,LZ_WEST,MASONT_8,ONCOR,LOVING,44372,79770,31.80694,-103.86142
11083,RIVERTON_8,138,WZ_FAR_WEST,LZ_WEST,MASONT_8,ONCOR,LOVING,44372,79770,31.80271,-103.81819
11086,MCHALAM_8,138,WZ_FAR_WEST,LZ_WEST,REEVESPOD_8,ONCOR,WINKLER,44372,79772,31.54582,-103.82294
11090,OWLHILLS_8,138,WZ_FAR_WEST,LZ_WEST,OWLHILLS_8,ONCOR,WINKLER,44372,79770,31.81778,-104.04645
11090,OWLHILLS_8,138,WZ_FAR_WEST,LZ_WEST,OWLHILLS_8,ONCOR,WINKLER,44372,79770,31.81778,-104.04645
11091,WHEATPOD_8,138,WZ_FAR_WEST,LZ_WEST,WHEATPOD_8,ONCOR,WINKLER,44372,79754,31.72241,-103.60046
11091,WHEATPOD_8,138,WZ_FAR_WEST,LZ_WEST,WHEATPOD_8,ONCOR,WINKLER,44372,79754,31.72241,-103.60046
11097,SANDLAKE_8,138,WZ_FAR_WEST,LZ_WEST,SANDLAKE_8,ONCOR,WINKLER,44372,79722,31.50968,-103.51722
11097,SANDLAKE_8,138,WZ_FAR_WEST,LZ_WEST,SANDLAKE_8,ONCOR,WINKLER,44372,79722,31.50968,-103.51722
11100,LINDRNCH_N8,138,WZ_FAR_WEST,LZ_WEST,LINDRNCH1_8,ONCOR,WINKLER,44372,79754,31.78809,-103.61976
11101,LINDRNCH_S8,138,WZ_FAR_WEST,LZ_WEST,LINDRNCH2,ONCOR,WINKLER,44372,79754,31.78809,-103.61976
11101,LINDRNCH_S8,138,WZ_FAR_WEST,LZ_WEST,LINDRNCH2,ONCOR,WINKLER,44372,79754,31.78809,-103.61976
11103,RUSTHLLS_8,138,WZ_FAR_WEST,LZ_WEST,HAYHURST_8,ONCOR,WINKLER,20404,76903,31.45118,-100.42596
11107,ALLIGATOR_8,138,WZ_FAR_WEST,LZ_WEST,PEREGRINE_8,ONCOR,WINKLER,,88220,31.887341,-104.342606
11107,ALLIGATOR_8,138,WZ_FAR_WEST,LZ_WEST,PEREGRINE_8,ONCOR,WINKLER,,88220,31.887341,-104.342606
11111,YARBRGH_8,138,WZ_FAR_WEST,LZ_WEST,YARBRGH_8,ONCOR,ECTOR,,,,
11112,CHIMWELL_8,138,WZ_FAR_WEST,LZ_WEST,CHEVWEST_8,ONCOR,WINKLER,,88220,31.939099,-104.312102
11117,PECOSTRAIL_8,138,WZ_FAR_WEST,LZ_WEST,PECOSTRAIL_8,ONCOR,WARD,,79730,31.273146,-103.084766
11128,SHINOAK_8,138,WZ_FAR_WEST,LZ_WEST,BLCKBEARD_8,ONCOR,WARD,,79770,31.80801,-103.90448
11148,MAGWALT_8,138,WZ_FAR_WEST,LZ_WEST,WINKSAND_8,ONCOR,WINKLER,44372,79745,31.95418,-102.98576
11180,ARYOBLUFF_T8,138,WZ_FAR_WEST,LZ_WEST,ARYOBLUFF_T8,ONCOR,WINKLER,44372,79770,31.84977,-103.88685
11190,HRSHOESPG_8,138,WZ_FAR_WEST,LZ_WEST,OWLHILLST_8,ONCOR,WINKLER,,79772,31.83262,-104.24897
11190,HRSHOESPG_8,138,WZ_FAR_WEST,LZ_WEST,OWLHILLST_8,ONCOR,WINKLER,,79772,31.83262,-104.24897
11191,CASTLEHLLS_8,138,WZ_FAR_WEST,LZ_WEST,CASTLEHLLS_8,ONCOR,WINKLER,,78213,29.538506,-98.525835
11243,PELCNSPG_8,138,WZ_FAR_WEST,LZ_WEST,PELCNSPG_8,ONCOR,WARD,,79785,31.299587,-103.919347
11243,PELCNSPG_8,138,WZ_FAR_WEST,LZ_WEST,PELCNSPG_8,ONCOR,WARD,,79785,31.299587,-103.919347
11244,BLAKEDRW_8,138,WZ_FAR_WEST,LZ_WEST,PECOSPOI_8,ONCOR,WARD,,79777,31.313847,-103.222168
11252,HALLEY_W8,138,WZ_FAR_WEST,LZ_WEST,HALLEY_W8,ONCOR,WINKLER,44372,79745,31.72934,-102.99214
11253,HALLEY_E8,138,WZ_FAR_WEST,LZ_WEST,GOLDJUNC_8,ONCOR,ECTOR,44372,79745,31.72934,-102.99214
11254,GOLDSOUTH_8,138,WZ_FAR_WEST,LZ_WEST,GOLDJUNC_8,ONCOR,ECTOR,44372,79741,31.9298,-102.61484
11254,GOLDSOUTH_8,138,WZ_FAR_WEST,LZ_WEST,GOLDJUNC_8,ONCOR,ECTOR,44372,79741,31.9298,-102.61484
11256,GOLDSMTH_8,138,WZ_FAR_WEST,LZ_WEST,GOLDSMTH8,ONCOR,ECTOR,44372,79741,31.97501,-102.6365
11256,GOLDSMTH_8,138,WZ_FAR_WEST,LZ_WEST,GOLDSMTH8,ONCOR,ECTOR,44372,79741,31.97501,-102.6365
11257,ECTRSHLL_9,69,WZ_FAR_WEST,LZ_WEST,ECTRSHLL_9,ONCOR,ECTOR,44372,79759,31.90172,-102.7274
11259,NTCOWDEN_8,138,WZ_FAR_WEST,LZ_WEST,NTCOWDEN_8,ONCOR,ECTOR,44372,79741,31.99475,-102.5493
11259,NTCOWDEN_8,138,WZ_FAR_WEST,LZ_WEST,NTCOWDEN_8,ONCOR,ECTOR,44372,79741,31.99475,-102.5493
11259,NTCOWDEN_8,138,WZ_FAR_WEST,LZ_WEST,NTCOWDEN_8,ONCOR,ECTOR,44372,79741,31.99475,-102.5493
11260,DUNE_8,138,WZ_FAR_WEST,LZ_WEST,DUNE_8,ONCOR,WINKLER,,79745,31.844091,-102.906017
11260,DUNE_8,138,WZ_FAR_WEST,LZ_WEST,DUNE_8,ONCOR,WINKLER,,79745,31.844091,-102.906017
11260,DUNE_8,138,WZ_FAR_WEST,LZ_WEST,DUNE_8,ONCOR,WINKLER,,79745,31.844091,-102.906017
11260,DUNE_8,138,WZ_FAR_WEST,LZ_WEST,DUNE_8,ONCOR,WINKLER,,79745,31.844091,-102.906017
11260,DUNE_8,138,WZ_FAR_WEST,LZ_WEST,DUNE_8,ONCOR,WINKLER,,79745,31.844091,-102.906017
11292,PENWELL_8,138,WZ_FAR_WEST,LZ_WEST,HOWD2599_8,ONCOR,WARD,44372,79759,31.69068,-102.72343
18100,PBGENBUS_B,138,WZ_FAR_WEST,LZ_WEST,PBGENBUS_B,ONCOR,WARD,44372,79756,31.58397,-102.96021
18100,PBGENBUS_B,138,WZ_FAR_WEST,LZ_WEST,PBGENBUS_B,ONCOR,WARD,44372,79756,31.58397,-102.96021
18100,PBGENBUS_B,138,WZ_FAR_WEST,LZ_WEST,PBGENBUS_B,ONCOR,WARD,44372,79756,31.58397,-102.96021
18100,PBGENBUS_B,138,WZ_FAR_WEST,LZ_WEST,PBGENBUS_B,ONCOR,WARD,44372,79756,31.58397,-102.96021
18100,PBGENBUS_B,138,WZ_FAR_WEST,LZ_WEST,PBGENBUS_B,ONCOR,WARD,44372,79756,31.58397,-102.96021
18100,PBGENBUS_B,138,WZ_FAR_WEST,LZ_WEST,PBGENBUS_B,ONCOR,WARD,44372,79756,31.58397,-102.96021
18100,PBGENBUS_B,138,WZ_FAR_WEST,LZ_WEST,PBGENBUS_B,ONCOR,WARD,44372,79756,31.58397,-102.96021
18100,PBGENBUS_B,138,WZ_FAR_WEST,LZ_WEST,PBGENBUS_B,ONCOR,WARD,44372,79756,31.58397,-102.96021
18100,PBGENBUS_B,138,WZ_FAR_WEST,LZ_WEST,PBGENBUS_B,ONCOR,WARD,44372,79756,31.58397,-102.96021
18105,PB5GEN_8,138,WZ_FAR_WEST,LZ_WEST,PB5GEN_8,ONCOR,WARD,44372,79756,31.58397,-102.96021
18105,PB5GEN_8,138,WZ_FAR_WEST,LZ_WEST,PB5GEN_8,ONCOR,WARD,44372,79756,31.58397,-102.96021
18105,PB5GEN_8,138,WZ_FAR_WEST,LZ_WEST,PB5GEN_8,ONCOR,WARD,44372,79756,31.58397,-102.96021
37920,TNWINK____0,69,WZ_FAR_WEST,LZ_WEST,WINK SUBSTATION,TNMP,WINKLER,40051,79789,31.7631,-103.1628
37921,TNWINKTP__0,69,WZ_FAR_WEST,LZ_WEST,WINK TAP,TNMP,WINKLER,40051,79789,31.76277,-103.17523
37940,TNCALIFRNA0,69,WZ_FAR_WEST,LZ_WEST,CALIFORNIA SUBSTATION,TNMP,WINKLER,40051,79789,31.7748,-103.13064
37960,TNWNKLRCO60,69,WZ_FAR_WEST,LZ_WEST,WINKLER COUNTY-6 SUBSTATION,TNMP,WINKLER,40051,79789,31.66575,-103.1443
37980,TNWICKETT_0,69,WZ_FAR_WEST,LZ_WEST,WICKETT SWITCHING STATION,TNMP,WARD,40051,79788,31.5979,-103.0209
37980,TNWICKETT_0,69,WZ_FAR_WEST,LZ_WEST,WICKETT SWITCHING STATION,TNMP,WARD,40051,79788,31.5979,-103.0209
37980,TNWICKETT_0,69,WZ_FAR_WEST,LZ_WEST,WICKETT SWITCHING STATION,TNMP,WARD,40051,79788,31.5979,-103.0209
37981,TNWICKETT_1,138,WZ_FAR_WEST,LZ_WEST,WICKETT SWITCHING STATION,TNMP,WARD,40051,79788,31.5979,-103.0209
37981,TNWICKETT_1,138,WZ_FAR_WEST,LZ_WEST,WICKETT SWITCHING STATION,TNMP,WARD,40051,79788,31.5979,-103.0209
37981,TNWICKETT_1,138,WZ_FAR_WEST,LZ_WEST,WICKETT SWITCHING STATION,TNMP,WARD,40051,79788,31.5979,-103.0209
37981,TNWICKETT_1,138,WZ_FAR_WEST,LZ_WEST,WICKETT SWITCHING STATION,TNMP,WARD,40051,79788,31.5979,-103.0209
38001,TNPYOTE___1,138,WZ_FAR_WEST,LZ_WEST,PYOTE SUBSTATION,TNMP,WARD,40051,79777,31.45106,-103.09737
38001,TNPYOTE___1,138,WZ_FAR_WEST,LZ_WEST,PYOTE SUBSTATION,TNMP,WARD,40051,79777,31.45106,-103.09737
38010,TNREWARDT_1,138,WZ_FAR_WEST,LZ_WEST,REWARD TAP,TNMP,REEVES,44372,79772,31.35584,-103.33362
38011,TNREWARDM_1,138,WZ_FAR_WEST,LZ_WEST,REWARD METER STATION,TNMP,REEVES,44372,79772,31.35584,-103.33362
38011,TNREWARDM_1,138,WZ_FAR_WEST,LZ_WEST,REWARD METER STATION,TNMP,REEVES,44372,79772,31.35584,-103.33362
38012,TNREWARDC_1,138,WZ_FAR_WEST,LZ_WEST,REWARD CUSTOMER SUBSTATION,TNMP,REEVES,44372,79772,31.35584,-103.33362
38019,TNWORSHMDGD,12,WZ_FAR_WEST,LZ_WEST,WORSHAM SUBSTATION,TNMP,REEVES,40051,79772,31.35621,-103.33442
38021,TNWORSHAM_1,138,WZ_FAR_WEST,LZ_WEST,WORSHAM SUBSTATION,TNMP,REEVES,40051,79772,31.35621,-103.33442
38021,TNWORSHAM_1,138,WZ_FAR_WEST,LZ_WEST,WORSHAM SUBSTATION,TNMP,REEVES,40051,79772,31.35621,-103.33442
38021,TNWORSHAM_1,138,WZ_FAR_WEST,LZ_WEST,WORSHAM SUBSTATION,TNMP,REEVES,40051,79772,31.35621,-103.33442
38021,TNWORSHAM_1,138,WZ_FAR_WEST,LZ_WEST,WORSHAM SUBSTATION,TNMP,REEVES,40051,79772,31.35621,-103.33442
38021,TNWORSHAM_1,138,WZ_FAR_WEST,LZ_WEST,WORSHAM SUBSTATION,TNMP,REEVES,40051,79772,31.35621,-103.33442
38021,TNWORSHAM_1,138,WZ_FAR_WEST,LZ_WEST,WORSHAM SUBSTATION,TNMP,REEVES,40051,79772,31.35621,-103.33442
38021,TNWORSHAM_1,138,WZ_FAR_WEST,LZ_WEST,WORSHAM SUBSTATION,TNMP,REEVES,40051,79772,31.35621,-103.33442
38022,TNQUITODC_1,138,WZ_FAR_WEST,LZ_WEST,QUITO DRAW CUSTOMER SUBSTATION,TNMP,REEVES,44372,79772,31.3248,-103.33808
38024,TNHARPOONM1,138,WZ_FAR_WEST,LZ_WEST,HARPOON METER STATION,TNMP,REEVES,40051,79772,31.36376,-103.3654
38024,TNHARPOONM1,138,WZ_FAR_WEST,LZ_WEST,HARPOON METER STATION,TNMP,REEVES,40051,79772,31.36376,-103.3654
38027,TNBIRDOPT_1,138,WZ_FAR_WEST,LZ_WEST,BIRDS OF PREY TAP,TNMP,REEVES,44372,79772,31.37403,-103.42658
38028,TNBIRDOP__1,138,WZ_FAR_WEST,LZ_WEST,BIRDS OF PREY METER STATION,TNMP,REEVES,44372,79772,31.37403,-103.42658
38029,TNBIRDOPC_1,138,WZ_FAR_WEST,LZ_WEST,BIRDS OF PREY CUSTOMER SUBSTATION,TNMP,REEVES,44372,79772,31.37403,-103.42658
38037,TNCOLIET__1,138,WZ_FAR_WEST,LZ_WEST,COLLIE FIELD TAP,TNMP,REEVES,44372,79772,31.41474,-103.46915
38038,TNCOLIEF__1,138,WZ_FAR_WEST,LZ_WEST,COLLIE FIELD METER STATION,TNMP,REEVES,44372,79772,31.41474,-103.46915
38039,TNCOLIEFC_1,138,WZ_FAR_WEST,LZ_WEST,COLLIE FIELD CUSTOMER SUBSTATION,TNMP,REEVES,44372,79772,31.41474,-103.46915
38040,TNIH20____0,69,WZ_FAR_WEST,LZ_WEST,IH20 SUBSTATION,TNMP,REEVES,44372,79772,31.4003,-103.4911
38045,TNIH20____1,138,WZ_FAR_WEST,LZ_WEST,IH20 SUBSTATION,TNMP,REEVES,44372,79772,31.4003,-103.491
38045,TNIH20____1,138,WZ_FAR_WEST,LZ_WEST,IH20 SUBSTATION,TNMP,REEVES,44372,79772,31.4003,-103.491
38045,TNIH20____1,138,WZ_FAR_WEST,LZ_WEST,IH20 SUBSTATION,TNMP,REEVES,44372,79772,31.4003,-103.491
38045,TNIH20____1,138,WZ_FAR_WEST,LZ_WEST,IH20 SUBSTATION,TNMP,REEVES,44372,79772,31.4003,-103.491
38045,TNIH20____1,138,WZ_FAR_WEST,LZ_WEST,IH20 SUBSTATION,TNMP,REEVES,44372,79772,31.4003,-103.491
38045,TNIH20____1,138,WZ_FAR_WEST,LZ_WEST,IH20 SUBSTATION,TNMP,REEVES,44372,79772,31.4003,-103.491
38045,TNIH20____1,138,WZ_FAR_WEST,LZ_WEST,IH20 SUBSTATION,TNMP,REEVES,44372,79772,31.4003,-103.4911
38045,TNIH20____1,138,WZ_FAR_WEST,LZ_WEST,IH20 SUBSTATION,TNMP,REEVES,44372,79772,31.4003,-103.4911
38045,TNIH20____1,138,WZ_FAR_WEST,LZ_WEST,IH20 SUBSTATION,TNMP,REEVES,44372,79772,31.4003,-103.4911
38046,TNIH20SVC_1,138,WZ_FAR_WEST,LZ_WEST,IH20 SUBSTATION STATCOM BUS,TNMP,REEVES,44372,79772,31.4003,-103.4911
38056,TNSALTDRWM1,138,WZ_FAR_WEST,LZ_WEST,SALT DRAW METER STATION,TNMP,REEVES,3278,77414,28.99777,-96.15052
38057,TNSALTDRWC1,138,WZ_FAR_WEST,LZ_WEST,SALT DRAW CUSTOMER SUBSTATION,TNMP,REEVES,3278,77414,28.99777,-96.15052
38058,TNSADDLEBK1,138,WZ_FAR_WEST,LZ_WEST,SADDLEBACK SUBSTATION,TNMP,REEVES,40051,79772,31.359381,-103.682384
38058,TNSADDLEBK1,138,WZ_FAR_WEST,LZ_WEST,SADDLEBACK SUBSTATION,TNMP,REEVES,40051,79772,31.359381,-103.682384
38058,TNSADDLEBK1,138,WZ_FAR_WEST,LZ_WEST,SADDLEBACK SUBSTATION,TNMP,REEVES,40051,79772,31.359381,-103.682384
38058,TNSADDLEBK1,138,WZ_FAR_WEST,LZ_WEST,SADDLEBACK SUBSTATION,TNMP,REEVES,40051,79772,31.359381,-103.682384
38058,TNSADDLEBK1,138,WZ_FAR_WEST,LZ_WEST,SADDLEBACK SUBSTATION,TNMP,REEVES,40051,79772,31.359381,-103.682384
38059,TNROYBEAN_1,138,WZ_FAR_WEST,LZ_WEST,ROY BEAN CUSTOMER SUBSTATION,TNMP,REEVES,40051,79772,31.333075,-103.498354
38060,TNARROYO__1,138,WZ_FAR_WEST,LZ_WEST,BARILLA DRAW FIELD TAP,TNMP,REEVES,40051,79772,31.25721,-103.4309
38061,TNBRDRAMI_1,138,WZ_FAR_WEST,LZ_WEST,BARILLA DRAW AMI CUSTOMER SUBSTATION,TNMP,REEVES,40051,79772,31.25721,-103.4309
38062,TNBRDROX__1,138,WZ_FAR_WEST,LZ_WEST,BARILLA DRAW CUSTOMER SUBSTATION,TNMP,REEVES,40051,79772,31.25721,-103.4309
38065,TNBRDRFLD_1,138,WZ_FAR_WEST,LZ_WEST,BARILLA DRAW SWITCHING STATION,TNMP,REEVES,40051,79772,31.25721,-103.4309
38065,TNBRDRFLD_1,138,WZ_FAR_WEST,LZ_WEST,BARILLA DRAW SWITCHING STATION,TNMP,REEVES,40051,79772,31.25721,-103.4309
38065,TNBRDRFLD_1,138,WZ_FAR_WEST,LZ_WEST,BARILLA DRAW SWITCHING STATION,TNMP,REEVES,40051,79772,31.25721,-103.4309
38069,TNFLATTOP_1,138,WZ_FAR_WEST,LZ_WEST,FLAT TOP SUBSTATION,TNMP,REEVES,40051,79772,31.19997,-103.35925
38069,TNFLATTOP_1,138,WZ_FAR_WEST,LZ_WEST,FLAT TOP SUBSTATION,TNMP,REEVES,40051,79772,31.19997,-103.35925
38069,TNFLATTOP_1,138,WZ_FAR_WEST,LZ_WEST,FLAT TOP SUBSTATION,TNMP,REEVES,40051,79772,31.19997,-103.35925
38069,TNFLATTOP_1,138,WZ_FAR_WEST,LZ_WEST,FLAT TOP SUBSTATION,TNMP,REEVES,40051,79772,31.19997,-103.35925
38069,TNFLATTOP_1,138,WZ_FAR_WEST,LZ_WEST,FLAT TOP SUBSTATION,TNMP,REEVES,40051,79772,31.19997,-103.35925
38090,TNPECOS___0,69/138,WZ_FAR_WEST,LZ_WEST,PECOS SUBSTATION,TNMP,REEVES,44372,79772,31.42859,-103.4987
38090,TNPECOS___0,69/138,WZ_FAR_WEST,LZ_WEST,PECOS SUBSTATION,TNMP,REEVES,44372,79772,31.42859,-103.4987
38090,TNPECOS___0,69/138,WZ_FAR_WEST,LZ_WEST,PECOS SUBSTATION,TNMP,REEVES,44372,79772,31.42859,-103.4987
38090,TNPECOS___0,69/138,WZ_FAR_WEST,LZ_WEST,PECOS SUBSTATION,TNMP,REEVES,44372,79772,31.42859,-103.4987
38090,TNPECOS___0,69/138,WZ_FAR_WEST,LZ_WEST,PECOS SUBSTATION,TNMP,REEVES,44372,79772,31.42859,-103.4987
38090,TNPECOS___0,69/138,WZ_FAR_WEST,LZ_WEST,PECOS SUBSTATION,TNMP,REEVES,44372,79772,31.42859,-103.4987
38099,TNCOTTNWD_1,138,WZ_FAR_WEST,LZ_WEST,COTTONWOOD SUBSTATION,TNMP,REEVES,,79220,33.7783,-100.87654
38099,TNCOTTNWD_1,138,WZ_FAR_WEST,LZ_WEST,COTTONWOOD SUBSTATION,TNMP,REEVES,,79220,33.7783,-100.87654
38099,TNCOTTNWD_1,138,WZ_FAR_WEST,LZ_WEST,COTTONWOOD SUBSTATION,TNMP,REEVES,,79220,33.7783,-100.87654
38100,TNGRISHAM_1,138,WZ_FAR_WEST,LZ_WEST,GRISHAM METER STATION,TNMP,REEVES,,79772,31.5475,-103.82475
38101,TNGRISHAMC1,138,WZ_FAR_WEST,LZ_WEST,GRISHAM CUSTOMER SUBSTATION,TNMP,REEVES,,79772,31.5475,-103.82475
38105,TNSANDLAKE1,138,WZ_FAR_WEST,LZ_WEST,SANDLAKE SUBSTATION,TNMP,REEVES,44372,79772,31.49711,-103.4716
38105,TNSANDLAKE1,138,WZ_FAR_WEST,LZ_WEST,SANDLAKE SUBSTATION,TNMP,REEVES,44372,79772,31.49711,-103.4716
38105,TNSANDLAKE1,138,WZ_FAR_WEST,LZ_WEST,SANDLAKE SUBSTATION,TNMP,REEVES,44372,79772,31.49711,-103.4716
38106,TNSNDLKCEC1,138,WZ_FAR_WEST,LZ_WEST,SANDLAKE EC CUSTOMER SUBSTATION,TNMP,REEVES,44372,79772,31.49711,-103.4716
38107,TNGEMSBOKM1,138,WZ_FAR_WEST,LZ_WEST,GEMSBOK METER STATION,TNMP,WARD,44372,79777,31.515765,-103.278157
38107,TNGEMSBOKM1,138,WZ_FAR_WEST,LZ_WEST,GEMSBOK METER STATION,TNMP,WARD,44372,79777,31.515765,-103.278157
38107,TNGEMSBOKM1,138,WZ_FAR_WEST,LZ_WEST,GEMSBOK METER STATION,TNMP,WARD,44372,79777,31.515765,-103.278157
38108,TNGMSBKOPC1,138,WZ_FAR_WEST,LZ_WEST,GEMSBOK OP CUSTOMER SUBSTATION,TNMP,WARD,44372,79777,31.516017,-103.27749
38109,TNGMSBKACC1,138,WZ_FAR_WEST,LZ_WEST,GEMSBOK AC CUSTOMER SUBSTATION,TNMP,WARD,44372,79777,31.526798,-103.184871
38110,TNRATTLSNK1,138,WZ_FAR_WEST,LZ_WEST,RATTLESNAKE SUBSTATION,TNMP,WARD,40051,79785,31.26189,-103.79358
38110,TNRATTLSNK1,138,WZ_FAR_WEST,LZ_WEST,RATTLESNAKE SUBSTATION,TNMP,WARD,40051,79785,31.26189,-103.79358
38110,TNRATTLSNK1,138,WZ_FAR_WEST,LZ_WEST,RATTLESNAKE SUBSTATION,TNMP,WARD,40051,79785,31.26189,-103.79358
38110,TNRATTLSNK1,138,WZ_FAR_WEST,LZ_WEST,RATTLESNAKE SUBSTATION,TNMP,WARD,40051,79785,31.26189,-103.79358
38110,TNRATTLSNK1,138,WZ_FAR_WEST,LZ_WEST,RATTLESNAKE SUBSTATION,TNMP,WARD,40051,79785,31.26189,-103.79358
38111,TNRATTLCCP1,138,WZ_FAR_WEST,LZ_WEST,RATTLESNAKE CP CUSTOMER SUBSTATION,TNMP,WARD,40051,79789,31.73983,-103.28953
38113,TNCOYOTSPG1,138,WZ_FAR_WEST,LZ_WEST,COYOTE SPRINGS SUBSTATION,TNMP,REEVES,,79785,31.28606,-103.98342
38113,TNCOYOTSPG1,138,WZ_FAR_WEST,LZ_WEST,COYOTE SPRINGS SUBSTATION,TNMP,REEVES,,79785,31.28606,-103.98342
38113,TNCOYOTSPG1,138,WZ_FAR_WEST,LZ_WEST,COYOTE SPRINGS SUBSTATION,TNMP,REEVES,,79785,31.28606,-103.98342
38113,TNCOYOTSPG1,138,WZ_FAR_WEST,LZ_WEST,COYOTE SPRINGS SUBSTATION,TNMP,REEVES,,79785,31.28606,-103.98342
38117,TNETOYAHT_1,138,WZ_FAR_WEST,LZ_WEST,EAST TOYAH 138KV TAP,TNMP,REEVES,40051,79722,31.36787,-103.67405
38118,TNETOYAHM_1,138,WZ_FAR_WEST,LZ_WEST,EAST TOYAH 138KV METER STATION,TNMP,REEVES,40051,79722,31.36787,-103.67405
38119,TNETOYAHC_1,138,WZ_FAR_WEST,LZ_WEST,EAST TOYAH 138KV CUSTOMER SUBSTATION,TNMP,REEVES,40051,79722,31.36787,-103.67405
38121,TNBLNGLEAT1,138,WZ_FAR_WEST,LZ_WEST,BILLINGSLEA 138KV TAP,TNMP,REEVES,40051,79772,31.35688,-103.69792
38122,TNBLNGLEAM1,138,WZ_FAR_WEST,LZ_WEST,BILLINGSLEA 138KV METER STATION,TNMP,REEVES,40051,79772,31.35945,-103.68231
38122,TNBLNGLEAM1,138,WZ_FAR_WEST,LZ_WEST,BILLINGSLEA 138KV METER STATION,TNMP,REEVES,40051,79772,31.35945,-103.68231
38123,TNBLNGLEAC1,138,WZ_FAR_WEST,LZ_WEST,BILLINGSLEA 138KV CUSTOMER SUBSTATION,TNMP,REEVES,40051,79772,31.35945,-103.68231
38124,TNFAULKNER1,138,WZ_FAR_WEST,LZ_WEST,FAULKNER SUBSTATION,TNMP,REEVES,40051,79785,31.26188,-103.79426
38124,TNFAULKNER1,138,WZ_FAR_WEST,LZ_WEST,FAULKNER SUBSTATION,TNMP,REEVES,40051,79785,31.26188,-103.79426
38124,TNFAULKNER1,138,WZ_FAR_WEST,LZ_WEST,FAULKNER SUBSTATION,TNMP,REEVES,40051,79785,31.26188,-103.79426
38124,TNFAULKNER1,138,WZ_FAR_WEST,LZ_WEST,FAULKNER SUBSTATION,TNMP,REEVES,40051,79785,31.26188,-103.79426
38150,TNBARSTOWT0,69/138,WZ_FAR_WEST,LZ_WEST,BARSTOW TAP,TNMP,REEVES,44372,79772,31.51534,-103.4511
38151,TNMIVIDA__0,69/138,WZ_FAR_WEST,LZ_WEST,MI VIDA SUBSTATION,TNMP,WARD,44372,79772,31.52345,-103.4615
38151,TNMIVIDA__0,69/138,WZ_FAR_WEST,LZ_WEST,MI VIDA SUBSTATION,TNMP,WARD,44372,79772,31.52345,-103.4615
38151,TNMIVIDA__0,69/138,WZ_FAR_WEST,LZ_WEST,MI VIDA SUBSTATION,TNMP,WARD,44372,79772,31.52345,-103.4615
38151,TNMIVIDA__0,69/138,WZ_FAR_WEST,LZ_WEST,MI VIDA SUBSTATION,TNMP,WARD,44372,79772,31.52345,-103.4615
38151,TNMIVIDA__0,69/138,WZ_FAR_WEST,LZ_WEST,MI VIDA SUBSTATION,TNMP,WARD,44372,79772,31.52345,-103.4615
38151,TNMIVIDA__0,69/138,WZ_FAR_WEST,LZ_WEST,MI VIDA SUBSTATION,TNMP,WARD,44372,79772,31.52345,-103.4615
38160,TNCOCHISE_0,69/138,WZ_FAR_WEST,LZ_WEST,COCHISE SUBSTATION,TNMP,WARD,44372,79772,31.5068,-103.4444
38160,TNCOCHISE_0,69/138,WZ_FAR_WEST,LZ_WEST,COCHISE SUBSTATION,TNMP,WARD,44372,79772,31.5068,-103.4444
38160,TNCOCHISE_0,69/138,WZ_FAR_WEST,LZ_WEST,COCHISE SUBSTATION,TNMP,WARD,44372,79772,31.5068,-103.4444
38170,TNBNSPRNGT0,69/138,WZ_FAR_WEST,LZ_WEST,BONE SPRINGS TAP,TNMP,WARD,44372,79719,31.53131,-103.3557
38175,TNBNSPRNG0,69/138,WZ_FAR_WEST,LZ_WEST,BONE SPRINGS SUBSTATION,TNMP,WARD,44372,79719,31.53131,-103.3557
38200,TNLONESTAR0,69/138,WZ_FAR_WEST,LZ_WEST,LONESTAR SUBSTATION,TNMP,WARD,44372,79777,31.54723,-103.3428
38230,TNAAPIPLNT0,69/138,WZ_FAR_WEST,LZ_WEST,AA PIPELINE TAP,TNMP,WINKLER,40051,79789,31.67288,-103.2611
38231,TNAAPIPLNM0,69/138,WZ_FAR_WEST,LZ_WEST,AA PIPELINE METER STATION,TNMP,WINKLER,40051,79789,31.76429,-103.17623
38232,TNAAPIPLNC0,69/138,WZ_FAR_WEST,LZ_WEST,AA PIPELINE CUSTOMER SUBSTATION,TNMP,WINKLER,40051,79789,31.76429,-103.17623
38250,TNKERMIT2_0,69,WZ_FAR_WEST,LZ_WEST,KERMIT #2 SUBSTATION,TNMP,WINKLER,44372,79745,31.8521,-103.096
38250,TNKERMIT2_0,69,WZ_FAR_WEST,LZ_WEST,KERMIT #2 SUBSTATION,TNMP,WINKLER,44372,79745,31.8521,-103.096
38280,TNKERMIT1_0/TNKERMTTP_0,69,WZ_FAR_WEST,LZ_WEST,KERMIT TAP,TNMP,WINKLER,44372,79745,31.84844,-103.0816
38290,TNKEYSTONE0,69,WZ_FAR_WEST,LZ_WEST,KEYSTONE SUBSTATION,TNMP,WINKLER,44372,79745,31.94806,-103.0451
38294,TNPIGTAP__1,138,WZ_FAR_WEST,LZ_WEST,PIG CREEK TAP,TNMP,PECOS,16057,79735,31.11462,-103.25136
38295,TNTARBUSH_1,138,WZ_FAR_WEST,LZ_WEST,TARBUSH SUBSTATION,TNMP,PECOS,,79735,30.95348,-103.29182
38295,TNTARBUSH_1,138,WZ_FAR_WEST,LZ_WEST,TARBUSH SUBSTATION,TNMP,PECOS,,79735,30.95348,-103.29182
38295,TNTARBUSH_1,138,WZ_FAR_WEST,LZ_WEST,TARBUSH SUBSTATION,TNMP,PECOS,,79735,30.95348,-103.29182
38295,TNTARBUSH_1,138,WZ_FAR_WEST,LZ_WEST,TARBUSH SUBSTATION,TNMP,PECOS,,79735,30.95348,-103.29182
38298,TNUTAHM___1,138,WZ_FAR_WEST,LZ_WEST,UTAH METER STATION,TNMP,PECOS,40051,79730,31.27554,-103.11829
38298,TNUTAHM___1,138,WZ_FAR_WEST,LZ_WEST,UTAH METER STATION,TNMP,PECOS,40051,79730,31.27554,-103.11829
38299,TNUTAHC___1,138,WZ_FAR_WEST,LZ_WEST,UTAH CUSTOMER SUBSTATION,TNMP,PECOS,40051,79730,31.27554,-103.11829
38300,TNWOLFBNRT1,138,WZ_FAR_WEST,LZ_WEST,WOLFBONE TAP,TNMP,PECOS,40051,79772,31.23806,-103.2161
38305,TNWOLFBNR_1,138,WZ_FAR_WEST,LZ_WEST,WOLFBONE SUBSTATION,TNMP,PECOS,40051,79772,31.23806,-103.2161
38310,TN16TH_ST_1,138,WZ_FAR_WEST,LZ_WEST,16TH STREET SUBSTATION,TNMP,PECOS,16057,79735,30.90043,-102.8733
38330,TNWDWRDTAP1,138,WZ_FAR_WEST,LZ_WEST,TNP WOODWARD TAP,TNMP,PECOS,17693,79744,30.93167,-102.2018
38330,TNWDWRDTAP1,138,WZ_FAR_WEST,LZ_WEST,TNP WOODWARD TAP,TNMP,PECOS,17693,79744,30.93167,-102.2018
38330,TNWDWRDTAP1,138,WZ_FAR_WEST,LZ_WEST,TNP WOODWARD TAP,TNMP,PECOS,17693,79744,30.93167,-102.2018
38340,TNAIRPORT41,138,WZ_FAR_WEST,LZ_WEST,AIRPORT SUBSTATION,TNMP,PECOS,16057,79735,30.90255,-102.9196
38340,TNAIRPORT41,138,WZ_FAR_WEST,LZ_WEST,AIRPORT SUBSTATION,TNMP,PECOS,16057,79735,30.90255,-102.9196
38350,TNFTSTKTAP0,69,WZ_FAR_WEST,LZ_WEST,FORT STOCKTON TAP,TNMP,PECOS,16057,79735,30.92743,-102.9555
38360,TNFTSTCKTN0,69,WZ_FAR_WEST,LZ_WEST,FORT STOCKTON SUBSTATION,TNMP,PECOS,16057,79735,30.88951,-102.8838
38360,TNFTSTCKTN0,69,WZ_FAR_WEST,LZ_WEST,FORT STOCKTON SUBSTATION,TNMP,PECOS,16057,79735,30.88951,-102.8838
38365,TNPINON___0,69,WZ_FAR_WEST,LZ_WEST,TNMP PINION PLANT,TNMP,PECOS,16057,79735,30.70179,-102.7137
38370,TNHACKBERY1,138,WZ_FAR_WEST,LZ_WEST,HACKBERRY DRAW ,TNMP,REEVES,44372,79772,31.2937,-103.1134
38375,TNCTYRD1011,138,WZ_FAR_WEST,LZ_WEST,COUNTY RD 101 SUBSTATION,TNMP,REEVES,,79730,31.27549,-103.10663
38376,TNTRANPECT1,138,WZ_FAR_WEST,LZ_WEST,TRANS PECOS TAP,TNMP,REEVES,40051,79730,31.28416,-103.1068
38377,TNTRANPEC_1,138,WZ_FAR_WEST,LZ_WEST,TRANS PECOS METER STATION,TNMP,REEVES,,79730,31.28312,-103.10709
38377,TNTRANPEC_1,138,WZ_FAR_WEST,LZ_WEST,TRANS PECOS METER STATION,TNMP,REEVES,,79730,31.28312,-103.10709
38377,TNTRANPEC_1,138,WZ_FAR_WEST,LZ_WEST,TRANS PECOS METER STATION,TNMP,REEVES,,79730,31.28312,-103.10709
38377,TNTRANPEC_1,138,WZ_FAR_WEST,LZ_WEST,TRANS PECOS METER STATION,TNMP,REEVES,,79730,31.28312,-103.10709
38377,TNTRANPEC_1,138,WZ_FAR_WEST,LZ_WEST,TRANS PECOS METER STATION,TNMP,REEVES,40051,79730,31.28416,-103.1068
38378,TNTRANPECW1,138,WZ_FAR_WEST,LZ_WEST,TRANS PECOS CUSTOMER 1 SUBSTATION,TNMP,REEVES,40051,79730,31.28416,-103.1068
38379,TNTRANPECP1,138,WZ_FAR_WEST,LZ_WEST,TRANS PECOS CUSTOMER 2 SUBSTATION,TNMP,REEVES,40051,79730,31.28416,-103.1068
38381,TNOCOTILO_0,69,WZ_FAR_WEST,LZ_WEST,OCOTILLO SWITCHING STATION,TNMP,PECOS,1591,79720,32.13198,-101.3938
38381,TNOCOTILO_0,69,WZ_FAR_WEST,LZ_WEST,OCOTILLO SWITCHING STATION,TNMP,PECOS,1591,79720,32.13198,-101.3938
38381,TNOCOTILO_0,69,WZ_FAR_WEST,LZ_WEST,OCOTILLO SWITCHING STATION,TNMP,PECOS,1591,79720,32.13198,-101.3938
38390,TNARMDLO2_0,69,WZ_FAR_WEST,LZ_WEST,ARMADILLO,TNMP,PECOS,16057,79735,30.4618,-102.491
38391,TNARMDLS__0,69,WZ_FAR_WEST,LZ_WEST,ARMADILLO SWITCH,TNMP,PECOS,16057,79735,30.46136,-102.4909
38391,TNARMDLS__0,69,WZ_FAR_WEST,LZ_WEST,ARMADILLO SWITCH,TNMP,PECOS,16057,79735,30.46136,-102.4909
38392,TNNMMITCHL0,69,WZ_FAR_WEST,LZ_WEST,NM MITCHELL,TNMP,PECOS,16057,79735,30.39895,-102.4374
38392,TNNMMITCHL0,69,WZ_FAR_WEST,LZ_WEST,NM MITCHELL,TNMP,PECOS,16057,79735,30.39895,-102.4374
38395,TNCCMITCHL0,69,WZ_FAR_WEST,LZ_WEST,CC MITCHELL,TNMP,PECOS,16057,79735,30.31229,-102.4411
38395,TNCCMITCHL0,69,WZ_FAR_WEST,LZ_WEST,CC MITCHELL,TNMP,PECOS,16057,79735,30.31229,-102.4411
38400,TNSANDRSON0,69,WZ_FAR_WEST,LZ_WEST,SANDERSON SUBSTATION,TNMP,TERRELL,17693,79848,30.14196,-102.4029
38400,TNSANDRSON0,69,WZ_FAR_WEST,LZ_WEST,SANDERSON SUBSTATION,TNMP,TERRELL,17693,79848,30.14196,-102.4029
38410,TNCAYMUSVQ1,138,WZ_FAR_WEST,LZ_WEST,TNMP CAYMUS,TNMP,REEVES,44372,79772,31.33094,-103.02627
38410,TNCAYMUSVQ1,138,WZ_FAR_WEST,LZ_WEST,TNMP CAYMUS,TNMP,REEVES,44372,79772,31.33094,-103.02627
38410,TNCAYMUSVQ1,138,WZ_FAR_WEST,LZ_WEST,TNMP CAYMUS,TNMP,REEVES,44372,79772,31.33094,-103.02627
38410,TNCAYMUSVQ1,138,WZ_FAR_WEST,LZ_WEST,TNMP CAYMUS,TNMP,REEVES,44372,79772,31.33094,-103.02627
38410,TNCAYMUSVQ1,138,WZ_FAR_WEST,LZ_WEST,TNMP CAYMUS,TNMP,REEVES,44372,79772,31.33094,-103.02627
38411,TNCAYMUSP_1,138,WZ_FAR_WEST,LZ_WEST,CAYMUS PLANT,TNMP,REEVES,44372,79772,31.33094,-103.02627
38412,TNCAYMUSC_1,138,WZ_FAR_WEST,LZ_WEST,CAYMUS COMPRESSOR,TNMP,REEVES,44372,79772,31.33094,-103.02627
38420,TNWHITEBKR0,69,WZ_FAR_WEST,LZ_WEST,SWTEX ELEC COOP TAP,TNMP,PECOS,16057,79735,30.88596,-102.4233
38420,TNWHITEBKR0,69,WZ_FAR_WEST,LZ_WEST,SWTEX ELEC COOP TAP,TNMP,PECOS,16057,79735,30.88596,-102.4233
38420,TNWHITEBKR0,69,WZ_FAR_WEST,LZ_WEST,SWTEX ELEC COOP TAP,TNMP,PECOS,16057,79735,30.88596,-102.4233
38430,TNWHITEBKR1,138,WZ_FAR_WEST,LZ_WEST,TNMP WHITEBAKER SWITCHING STATION,TNMP,PECOS,16057,79735,30.88596,-102.4233
38430,TNWHITEBKR1,138,WZ_FAR_WEST,LZ_WEST,TNMP WHITEBAKER SWITCHING STATION,TNMP,PECOS,16057,79735,30.88596,-102.4233
38430,TNWHITEBKR1,138,WZ_FAR_WEST,LZ_WEST,TNMP WHITEBAKER SWITCHING STATION,TNMP,PECOS,16057,79735,30.88596,-102.4233
38430,TNWHITEBKR1,138,WZ_FAR_WEST,LZ_WEST,TNMP WHITEBAKER SWITCHING STATION,TNMP,PECOS,16057,79735,30.88596,-102.4233
38430,TNWHITEBKR1,138,WZ_FAR_WEST,LZ_WEST,TNMP WHITEBAKER SWITCHING STATION,TNMP,PECOS,16057,79735,30.88596,-102.4233
38431,TNCENTRY1_1,138,WZ_FAR_WEST,LZ_WEST,OXY CENTURY PLANT,TNMP,PECOS,16057,79735,30.60733,-102.5813
38432,TNCENTRY2_1,138,WZ_FAR_WEST,LZ_WEST,OXY CENTURY,TNMP,PECOS,16057,79735,30.60733,-102.5813
38440,TNNRTHNNAT0,69,WZ_FAR_WEST,LZ_WEST,NORTHERN NATURAL SUBSTATION,TNMP,PECOS,16057,79735,30.6727,-102.4939
38440,TNNRTHNNAT0,69,WZ_FAR_WEST,LZ_WEST,NORTHERN NATURAL SUBSTATION,TNMP,PECOS,16057,79735,30.6727,-102.4939
38460,TNPUCKTFLD0,69,WZ_FAR_WEST,LZ_WEST,PUCKET FIELD SUBSTATION,TNMP,PECOS,16057,79735,30.74483,-102.4923
38470,TNGOMEZ___0,69,WZ_FAR_WEST,LZ_WEST,GOMEZ SUBSTATION,TNMP,PECOS,16057,79735,31.03695,-103.0246
38480,TNARROWHD_1,138,WZ_FAR_WEST,LZ_WEST,ARROWHEAD METER STATION,TNMP,PECOS,,79118,35.1055,-101.8135
38480,TNARROWHD_1,138,WZ_FAR_WEST,LZ_WEST,ARROWHEAD METER STATION,TNMP,PECOS,,79118,35.1055,-101.8135
38481,TNARROWHCC1,138,WZ_FAR_WEST,LZ_WEST,ARROWHEAD CUSTOMER COMPRESSOR SUBSTATION,TNMP,PECOS,,79118,35.1055,-101.8135
38482,TNARROWHCP1,138,WZ_FAR_WEST,LZ_WEST,ARROWHEAD CUSTOMER PLANT SUBSTATION,TNMP,PECOS,,79118,35.1055,-101.8135
38490,TNBELDING_0,69,WZ_FAR_WEST,LZ_WEST,BELDING SUBSTATION,TNMP,PECOS,16057,79735,30.75963,-103.0681
60014,SPUD4A,138,WZ_FAR_WEST,LZ_WEST,SPUDDER FLATS,AEP,PECOS,20404,79752,31.22129,-102.3125
60339,ACACIA2A,69,WZ_FAR_WEST,LZ_WEST,ACACIA,AEP,PRESIDIO,20404,79845,29.59283,-104.3344
60339,ACACIA2A,69,WZ_FAR_WEST,LZ_WEST,ACACIA,AEP,PRESIDIO,20404,79845,29.59283,-104.3344
60372,DINNY2A,69,WZ_FAR_WEST,LZ_WEST,DINNY,AEP,PECOS,17693,79744,30.92243,-101.9325
60383,LINTERNA4A,138,WZ_FAR_WEST,LZ_WEST,LINTERNA,AEP,PECOS,16057,79735,30.92738,-102.9554
60383,LINTERNA4A,138,WZ_FAR_WEST,LZ_WEST,LINTERNA,AEP,PECOS,16057,79735,30.92738,-102.9554
60385,SOLSTICE4A,138,WZ_FAR_WEST,LZ_WEST,SOLSTICE,AEP,PECOS,16057,79735,30.94845,-103.36286
60385,SOLSTICE4A,138,WZ_FAR_WEST,LZ_WEST,SOLSTICE,AEP,PECOS,16057,79735,30.94845,-103.36286
60385,SOLSTICE4A,138,WZ_FAR_WEST,LZ_WEST,SOLSTICE,AEP,PECOS,16057,79735,30.94845,-103.36286
60385,SOLSTICE4A,138,WZ_FAR_WEST,LZ_WEST,SOLSTICE,AEP,PECOS,16057,79735,30.94845,-103.36286
60385,SOLSTICE4A,138,WZ_FAR_WEST,LZ_WEST,SOLSTICE,AEP,PECOS,16057,79735,30.94845,-103.36286
60385,SOLSTICE4A,138,WZ_FAR_WEST,LZ_WEST,SOLSTICE,AEP,PECOS,16057,79735,30.94845,-103.36286
60385,SOLSTICE4A,138,WZ_FAR_WEST,LZ_WEST,SOLSTICE,AEP,PECOS,16057,79735,30.94845,-103.36286
60385,SOLSTICE4A,138,WZ_FAR_WEST,LZ_WEST,SOLSTICE,AEP,PECOS,16057,79735,30.94845,-103.36286
60385,SOLSTICE4A,138,WZ_FAR_WEST,LZ_WEST,SOLSTICE,AEP,PECOS,16057,79735,30.94845,-103.36286
60385,SOLSTICE4A,138,WZ_FAR_WEST,LZ_WEST,SOLSTICE,AEP,PECOS,16057,79735,30.94845,-103.36286
60385,SOLSTICE4A,138,WZ_FAR_WEST,LZ_WEST,SOLSTICE,AEP,PECOS,16057,79735,30.94845,-103.36286
60388,PLAINSPAN_8,138,WZ_FAR_WEST,LZ_WEST,PLAINS PANDALE (SWTEC),GOLDENSPREAD,CROCKETT,20404,76943,30.46512,-101.4687
60444,HAYTER4A,138,WZ_FAR_WEST,LZ_WEST,HAYTER,AEP,PECOS,,79735,30.832833,-103.389567
60723,CROSSOVE4A,138,WZ_FAR_WEST,LZ_WEST,CROSSOVER,AEP,UPTON,,76932,31.228411,-101.655981
71097,L_CULBER8_1Y,138,WZ_FAR_WEST,LZ_WEST,CULBERSON,LCRA,CULBERSON,16057,79847,31.73486,-104.7491
71199,L_ARCO__8_1Y,138,WZ_FAR_WEST,LZ_WEST,ARCO,LCRA,CRANE,44372,79731,31.44057,-102.4592
71199,L_ARCO__8_1Y,138,WZ_FAR_WEST,LZ_WEST,ARCO,LCRA,CRANE,44372,79731,31.44057,-102.4592
71213,L_BENEDU8_1Y,138,WZ_FAR_WEST,LZ_WEST,BENEDUM,LCRA,UPTON,44372,79755,31.34649,-101.801
71213,L_BENEDU8_1Y,138,WZ_FAR_WEST,LZ_WEST,BENEDUM,LCRA,UPTON,44372,79755,31.5209,-101.8075
71230,L_PLEAFA8_1Y,138,WZ_FAR_WEST,LZ_WEST,PLEASANT FARMS,LCRA,ECTOR,44372,79766,31.7398,-102.3162
76002,L_BAKERS5_1Y,345,WZ_FAR_WEST,LZ_WEST,BAKERSFIELD,LCRA,PECOS,17583,79735,30.97625,-102.28904
76002,L_BAKERS5_1Y,345,WZ_FAR_WEST,LZ_WEST,BAKERSFIELD,LCRA,PECOS,17583,79735,30.97625,-102.28904
76002,L_BAKERS5_1Y,345,WZ_FAR_WEST,LZ_WEST,BAKERSFIELD,LCRA,PECOS,17583,79735,30.97625,-102.28904
76002,L_BAKERS5_1Y,345,WZ_FAR_WEST,LZ_WEST,BAKERSFIELD,LCRA,PECOS,17583,79735,30.97625,-102.28904
76002,L_BAKERS5_1Y,345,WZ_FAR_WEST,LZ_WEST,BAKERSFIELD,LCRA,PECOS,17583,79735,30.97625,-102.28904
76002,L_BAKERS5_1Y,345,WZ_FAR_WEST,LZ_WEST,BAKERSFIELD,LCRA,PECOS,17583,79735,30.97625,-102.28904
76005,L_SCHNDR5_1Y,345,WZ_FAR_WEST,LZ_WEST,SCHNEEMAN DRAW,LCRA,CROCKETT,17583,76932,30.96817,-101.46293
76005,L_SCHNDR5_1Y,345,WZ_FAR_WEST,LZ_WEST,SCHNEEMAN DRAW,LCRA,CROCKETT,17583,76932,30.96817,-101.46293
76005,L_SCHNDR5_1Y,345,WZ_FAR_WEST,LZ_WEST,SCHNEEMAN DRAW,LCRA,CROCKETT,17583,76932,30.96817,-101.46293
76013,L_WESTYA8_1Y,138,WZ_FAR_WEST,LZ_WEST,WEST YATES SWITCH,LCRA,PECOS,17693,79744,30.94912,-101.9659
76014,L_SOMETA8_1Y,138,WZ_FAR_WEST,LZ_WEST,SOUTHWEST MESA,LCRA,UPTON,17693,79744,31.06553,-102.0949
76016,L_DESKY28_1Y,138,WZ_FAR_WEST,LZ_WEST,DESERT SKY 2,LCRA,PECOS,17693,79744,30.91601,-102.1097
76016,L_DESKY28_1Y,138,WZ_FAR_WEST,LZ_WEST,DESERT SKY 2,LCRA,PECOS,17693,79744,30.91601,-102.1097
76016,L_DESKY28_1Y,138,WZ_FAR_WEST,LZ_WEST,DESERT SKY 2,LCRA,PECOS,17693,79744,30.91601,-102.1097
76032,L_NORTMC8_1Y,138,WZ_FAR_WEST,LZ_WEST,NORTH MCCAMEY,LCRA,UPTON,20404,79752,31.10501,-102.2966
76040,L_CASTIL8_1Y,138,WZ_FAR_WEST,LZ_WEST,CASTILLO,LCRA,UPTON,,79752,31.253741,-102.306181
76580,L_TUNACR8_1Y,138,WZ_FAR_WEST,LZ_WEST,TUNAS CREEK,LCRA,PECOS,16057,79735,30.98198,-102.27553
76580,L_TUNACR8_1Y,138,WZ_FAR_WEST,LZ_WEST,TUNAS CREEK,LCRA,PECOS,16057,79735,30.98198,-102.27553
76580,L_TUNACR8_1Y,138,WZ_FAR_WEST,LZ_WEST,TUNAS CREEK,LCRA,PECOS,16057,79735,30.98198,-102.27553
76580,L_TUNACR8_1Y,138,WZ_FAR_WEST,LZ_WEST,TUNAS CREEK,LCRA,PECOS,16057,79735,30.98198,-102.27553
76582,L_MEVISW8_1Y,138,WZ_FAR_WEST,LZ_WEST,MESA VIEW SWITCH,LCRA,PECOS,17693,79744,30.82452,-102.0323
76582,L_MEVISW8_1Y,138,WZ_FAR_WEST,LZ_WEST,MESA VIEW SWITCH,LCRA,PECOS,17693,79744,30.82452,-102.0323
76582,L_MEVISW8_1Y,138,WZ_FAR_WEST,LZ_WEST,MESA VIEW SWITCH,LCRA,PECOS,17693,79744,30.82452,-102.0323
76595,L_NORTMC8_2Y,138,WZ_FAR_WEST,LZ_WEST,NORTH MCCAMEY,LCRA,UPTON,20404,79752,31.10501,-102.2966
76597,L_ROBBSW8_1Y,138,WZ_FAR_WEST,LZ_WEST,ROBBINS SWITCH,LCRA,UPTON,,79752,31.142764,-102.136167
76597,L_ROBBSW8_1Y,138,WZ_FAR_WEST,LZ_WEST,ROBBINS SWITCH,LCRA,UPTON,,79752,31.142764,-102.136167
76597,L_ROBBSW8_1Y,138,WZ_FAR_WEST,LZ_WEST,ROBBINS SWITCH,LCRA,UPTON,,79752,31.142764,-102.136167
76635,L_KINGMO8_1Y,138,WZ_FAR_WEST,LZ_WEST,KING MOUNTAIN WEST TAP,LCRA,UPTON,,79752,31.149362,-102.214033
76635,L_KINGMO8_1Y,138,WZ_FAR_WEST,LZ_WEST,KING MOUNTAIN WEST TAP,LCRA,UPTON,,79752,31.149362,-102.214033
76635,L_KINGMO8_1Y,138,WZ_FAR_WEST,LZ_WEST,KING MOUNTAIN WEST TAP,LCRA,UPTON,,79752,31.149362,-102.214033
76663,L_CONOCO9_1Y,69,WZ_FAR_WEST,LZ_WEST,CONOCO RGEC,LCRA,PECOS,3278,78852,30.60742,-102.58136
76668,L_ALTUDA9_1Y,69,WZ_FAR_WEST,LZ_WEST,ALTUDA,LCRA,BREWSTER,20404,79831,30.38949,-103.5247
76819,L_INMENW8_1Y,138,WZ_FAR_WEST,LZ_WEST,INDIAN MESA NWP,AEP,PECOS,17693,79744,30.92875,-102.034
76819,L_INMENW8_1Y,138,WZ_FAR_WEST,LZ_WEST,INDIAN MESA NWP,AEP,PECOS,17693,79744,30.92875,-102.034
76819,L_INMENW8_1Y,138,WZ_FAR_WEST,LZ_WEST,INDIAN MESA NWP,AEP,PECOS,17693,79744,30.92875,-102.034
76819,L_INMENW8_1Y,138,WZ_FAR_WEST,LZ_WEST,INDIAN MESA NWP,AEP,PECOS,17693,79744,30.92875,-102.034
78999,L_DESEME8_1Y,138,WZ_FAR_WEST,LZ_WEST,DESEMESA,LCRA,PECOS,17693,79744,30.91601,-102.1097
78999,L_DESEME8_1Y,138,WZ_FAR_WEST,LZ_WEST,DESEMESA,LCRA,PECOS,17693,79744,30.91601,-102.1097
78999,L_DESEME8_1Y,138,WZ_FAR_WEST,LZ_WEST,DESEMESA,LCRA,PECOS,17693,79744,30.91601,-102.1097
130011,PB2SES_CT1,14,WZ_FAR_WEST,LZ_WEST,PB2SES_CT1,ONCOR,WARD,44372,79756,31.58397,-102.96021
130012,PB2SES_CT2,14,WZ_FAR_WEST,LZ_WEST,PB2SES_CT2,ONCOR,WARD,44372,79756,31.58397,-102.96021
130013,PB2SES_CT3,14,WZ_FAR_WEST,LZ_WEST,PB2SES_CT3,ONCOR,WARD,44372,79756,31.58397,-102.96021
130014,PB2SES_CT4,14,WZ_FAR_WEST,LZ_WEST,PB2SES_CT4,ONCOR,WARD,44372,79756,31.58397,-102.96021
130015,PB2SES_CT5,14,WZ_FAR_WEST,LZ_WEST,PB2SES_CT5,ONCOR,WARD,44372,79756,31.58397,-102.96021
130021,KUN_WIND_LGE,34,WZ_FAR_WEST,LZ_WEST,KUNITZ WIND,LCRA,CULBERSON,40051,79848,31.76763,-104.9033
130221,SW_M_SW_MESA,34,WZ_FAR_WEST,LZ_WEST,SOUTHWEST MESA,LCRA,UPTON,17693,79744,31.06553,-102.0949
130221,SW_M_SW_MESA,34,WZ_FAR_WEST,LZ_WEST,SOUTHWEST MESA,LCRA,UPTON,17693,79744,31.06553,-102.0949
130222,SW_MESA_1_8,138,WZ_FAR_WEST,LZ_WEST,SOUTHWEST MESA,LCRA,UPTON,17693,79744,31.06553,-102.0949
130321,OECCS_CT11,18,WZ_FAR_WEST,LZ_WEST,OECCS_CT11,ONCOR,ECTOR,44372,79766,31.83892,-102.3259
130322,OECCS_CT12,18,WZ_FAR_WEST,LZ_WEST,OECCS_CT12,ONCOR,ECTOR,44372,79766,31.83892,-102.3259
130322,OECCS_CT12,18,WZ_FAR_WEST,LZ_WEST,OECCS_CT12,ONCOR,ECTOR,44372,79766,31.83892,-102.3259
130323,OECCS_UNIT1,18,WZ_FAR_WEST,LZ_WEST,OECCS_UNIT1,ONCOR,ECTOR,44372,79766,31.83892,-102.3259
130324,OECCS_CT21,18,WZ_FAR_WEST,LZ_WEST,OECCS_CT21,ONCOR,ECTOR,44372,79766,31.83892,-102.3259
130324,OECCS_CT21,18,WZ_FAR_WEST,LZ_WEST,OECCS_CT21,ONCOR,ECTOR,44372,79766,31.83892,-102.3259
130325,OECCS_CT22,18,WZ_FAR_WEST,LZ_WEST,OECCS_CT22,ONCOR,ECTOR,44372,79766,31.83892,-102.3259
130326,OECCS_UNIT2,18,WZ_FAR_WEST,LZ_WEST,OECCS_UNIT2,ONCOR,ECTOR,44372,79766,31.83892,-102.3259
130327,OECCS_1_5,345,WZ_FAR_WEST,LZ_WEST,OECCS_1_5,ONCOR,ECTOR,44372,79766,31.83892,-102.3259
130327,OECCS_1_5,345,WZ_FAR_WEST,LZ_WEST,OECCS_1_5,ONCOR,ECTOR,44372,79766,31.83892,-102.3259
130328,OECCS_2_5,345,WZ_FAR_WEST,LZ_WEST,OECCS_2_5,ONCOR,ECTOR,44372,79766,31.83892,-102.3259
130328,OECCS_2_5,345,WZ_FAR_WEST,LZ_WEST,OECCS_2_5,ONCOR,ECTOR,44372,79766,31.83892,-102.3259
130331,INDN_INDNNWP,34,WZ_FAR_WEST,LZ_WEST,ORION NATIONAL WIND POWER,LCRA,PECOS,17693,79744,30.92875,-102.034
130331,INDN_INDNNWP,34,WZ_FAR_WEST,LZ_WEST,ORION NATIONAL WIND POWER,LCRA,PECOS,17693,79744,30.92875,-102.034
130332,INDNNWP_2,138,WZ_FAR_WEST,LZ_WEST,ORION NATIONAL WIND POWER,LCRA,PECOS,17693,79744,30.92875,-102.034
130431,WOO_WOODWRD1,34,WZ_FAR_WEST,LZ_WEST,WOODWARD UNIT #1,AEP,PECOS,17693,79744,30.91592,-102.1097
130431,WOO_WOODWRD1,34,WZ_FAR_WEST,LZ_WEST,WOODWARD UNIT #1,AEP,PECOS,17693,79744,30.91592,-102.1097
130432,WOODWRD1_1_8,138,WZ_FAR_WEST,LZ_WEST,WOODWARD #1,AEP,PECOS,17693,79744,30.91592,-102.1097
130432,WOODWRD1_1_8,138,WZ_FAR_WEST,LZ_WEST,WOODWARD #1,AEP,PECOS,17693,79744,30.91592,-102.1097
130432,WOODWRD1_1_8,138,WZ_FAR_WEST,LZ_WEST,WOODWARD #1,AEP,PECOS,17693,79744,30.91592,-102.1097
130531,WOO_WOODWRD2,34,WZ_FAR_WEST,LZ_WEST,WOODWARD MOUNTAIN GENERATOR BUS PHASE 2,TNMP,PECOS,17693,79744,30.93167,-102.2018
130531,WOO_WOODWRD2,34,WZ_FAR_WEST,LZ_WEST,WOODWARD MOUNTAIN GENERATOR BUS PHASE 2,TNMP,PECOS,17693,79744,30.93167,-102.2018
130631,KING__KINGSW,34,WZ_FAR_WEST,LZ_WEST,KING MOUNTAIN FPL SW,LCRA,CRANE,,79753,31.22146,-102.2773
130632,KING_SW_1_8,138,WZ_FAR_WEST,LZ_WEST,KING MOUNTAIN FPL SW,LCRA,CRANE,20404,79752,31.22146,-102.2773
130633,KING_SW_2_8,138,WZ_FAR_WEST,LZ_WEST,KING MOUNTAIN FPL SW,LCRA,CRANE,44372,79754,31.22146,-102.2773
130731,KING__KINGNW,34,WZ_FAR_WEST,LZ_WEST,KING MOUNTAIN FPL NW,LCRA,CRANE,,79753,31.25061,-102.2283
130731,KING__KINGNW,34,WZ_FAR_WEST,LZ_WEST,KING MOUNTAIN FPL NW,LCRA,CRANE,44372,79754,31.25061,-102.2283
130732,KING_NW_1_8,138,WZ_FAR_WEST,LZ_WEST,KING MOUNTAIN FPL NW,LCRA,CRANE,44372,79754,31.25061,-102.2283
130732,KING_NW_1_8,138,WZ_FAR_WEST,LZ_WEST,KING MOUNTAIN FPL NW,LCRA,CRANE,20404,79752,31.25061,-102.2283
130831,KING__KINGNE,34,WZ_FAR_WEST,LZ_WEST,KING MOUNTAIN FPL NE,LCRA,CRANE,20404,79752,31.25061,-102.2283
130831,KING__KINGNE,34,WZ_FAR_WEST,LZ_WEST,KING MOUNTAIN FPL NE,LCRA,CRANE,20404,79752,31.25061,-102.2283
130832,KING_NE_1_8,138,WZ_FAR_WEST,LZ_WEST,KING MOUNTAIN FPL NE,LCRA,CRANE,20404,79752,31.25061,-102.2283
130832,KING_NE_1_8,138,WZ_FAR_WEST,LZ_WEST,KING MOUNTAIN FPL NE,LCRA,CRANE,20404,79752,31.25061,-102.2283
130931,KING__KINGSE,34,WZ_FAR_WEST,LZ_WEST,KING MOUNTAIN FPL SE,LCRA,CRANE,44372,79755,31.2109,-102.26441
130932,KING_SE_1_8,138,WZ_FAR_WEST,LZ_WEST,KING MOUNTAIN FPL SE,LCRA,CRANE,44372,79756,31.2109,-102.26441
130932,KING_SE_1_8,138,WZ_FAR_WEST,LZ_WEST,KING MOUNTAIN FPL SE,LCRA,CRANE,44372,79754,31.2109,-102.26441
131031,INDN_INDNENR,34,WZ_FAR_WEST,LZ_WEST,DESERT SKY I,LCRA,PECOS,17693,79744,30.91601,-102.11
131031,INDN_INDNENR,34,WZ_FAR_WEST,LZ_WEST,DESERT SKY I,LCRA,PECOS,17693,79744,30.91601,-102.1097
131032,IN_INDNENR_2,34,WZ_FAR_WEST,LZ_WEST,DESERT SKY II,LCRA,PECOS,17693,79744,30.91601,-102.11
131032,IN_INDNENR_2,34,WZ_FAR_WEST,LZ_WEST,DESERT SKY II,LCRA,PECOS,17693,79744,30.91601,-102.1097
131033,INDNENR_1_8,138,WZ_FAR_WEST,LZ_WEST,DESERT SKY II,LCRA,PECOS,17693,79744,30.91601,-102.1097
131033,INDNENR_1_8,138,WZ_FAR_WEST,LZ_WEST,DESERT SKY II,LCRA,PECOS,17693,79744,30.91601,-102.1097
131034,IN_INDNENR_4,34,WZ_FAR_WEST,LZ_WEST,IN_INDNENR_4,UNASSIGNED,PECOS,17693,79744,30.91601,-102.11
131035,IN_INDNENR_3,34,WZ_FAR_WEST,LZ_WEST,IN_INDNENR_3,UNASSIGNED,PECOS,17693,79744,30.91601,-102.11
131241,QALSW_GT1,14,WZ_FAR_WEST,LZ_WEST,QALSW_GT1,ONCOR,ECTOR,44372,79766,31.84049,-102.31596
131242,QALSW_GT2,14,WZ_FAR_WEST,LZ_WEST,QALSW_GT2,ONCOR,ECTOR,44372,79766,31.84049,-102.31596
131243,QALSW_STG1,14,WZ_FAR_WEST,LZ_WEST,QALSW_STG1,ONCOR,ECTOR,44372,79766,31.84049,-102.31596
131244,QALSW_GT3,14,WZ_FAR_WEST,LZ_WEST,QALSW_GT3,ONCOR,ECTOR,44372,79766,31.84049,-102.31596
131245,QALSW_GT4,14,WZ_FAR_WEST,LZ_WEST,QALSW_GT4,ONCOR,ECTOR,44372,79766,31.84049,-102.31596
131246,QALSW_STG2,14,WZ_FAR_WEST,LZ_WEST,QALSW_STG2,ONCOR,ECTOR,44372,79766,31.84049,-102.31596
131247,QALSW_1_5,345,WZ_FAR_WEST,LZ_WEST,QALSW_1_5,ONCOR,ECTOR,44372,79766,31.84049,-102.31596
131247,QALSW_1_5,345,WZ_FAR_WEST,LZ_WEST,QALSW_1_5,ONCOR,ECTOR,44372,79766,31.84049,-102.31596
131451,KEO_KEO_SM1,34,WZ_FAR_WEST,LZ_WEST,KEO SHERBINO MESA 1 GENERATOR BUS,TNMP,PECOS,16057,79735,30.75548,-102.4693
131452,KEO_1_8,138,WZ_FAR_WEST,LZ_WEST,KEO SHERBINO MESA 1 138kV POI BUS,TNMP,PECOS,16057,79735,30.75548,-102.4693
131453,KEO_2_8,138,WZ_FAR_WEST,LZ_WEST,KEO SHERBINO MESA WIND FARM 138kV POI BUS,TNMP,PECOS,16057,79735,30.75548,-102.4693
131455,KEO_SHRBINO2,34,WZ_FAR_WEST,LZ_WEST,KEO SHERBINO MESA 2 GENERATOR BUS,TNMP,PECOS,16057,79735,30.75548,-102.4693
131851,NWF_NWF1,34,WZ_FAR_WEST,LZ_WEST,NWF_NWF1,ONCOR,WINKLER,44372,79741,31.99644,-102.7946
131851,NWF_NWF1,34,WZ_FAR_WEST,LZ_WEST,NWF_NWF1,ONCOR,WINKLER,44372,79741,31.99644,-102.7946
131851,NWF_NWF1,34,WZ_FAR_WEST,LZ_WEST,NWF_NWF1,ONCOR,WINKLER,44372,79741,31.99644,-102.7946
131851,NWF_NWF1,34,WZ_FAR_WEST,LZ_WEST,NWF_NWF1,ONCOR,WINKLER,44372,79741,31.99644,-102.7946
131851,NWF_NWF1,34,WZ_FAR_WEST,LZ_WEST,NWF_NWF1,ONCOR,WINKLER,44372,79741,31.99644,-102.7946
131851,NWF_NWF1,34,WZ_FAR_WEST,LZ_WEST,NWF_NWF1,ONCOR,WINKLER,44372,79741,31.99644,-102.7946
131852,NWF_1_8,138,WZ_FAR_WEST,LZ_WEST,NWF_1_8,ONCOR,WINKLER,44372,79741,31.99644,-102.7946
131852,NWF_1_8,138,WZ_FAR_WEST,LZ_WEST,NWF_1_8,ONCOR,WINKLER,44372,79741,31.99644,-102.7946
131853,NOTSW_1_8,138,WZ_FAR_WEST,LZ_WEST,NOTSW_1_8,ONCOR,WINKLER,44372,79741,32.07679,-102.87639
131853,NOTSW_1_8,138,WZ_FAR_WEST,LZ_WEST,NOTSW_1_8,ONCOR,WINKLER,44372,79741,32.07679,-102.87639
131853,NOTSW_1_8,138,WZ_FAR_WEST,LZ_WEST,NOTSW_1_8,ONCOR,WINKLER,44372,79741,32.07679,-102.87639
131853,NOTSW_1_8,138,WZ_FAR_WEST,LZ_WEST,NOTSW_1_8,ONCOR,WINKLER,44372,79741,32.07679,-102.87639
132311,ECEC_G1,18,WZ_FAR_WEST,LZ_WEST,ECEC_G1,ONCOR,ECTOR,44372,79741,32.07001,-102.5861
132312,ECEC_G2,18,WZ_FAR_WEST,LZ_WEST,ECEC_G2,ONCOR,ECTOR,44372,79741,32.07001,-102.5861
132313,ECEC_8,138,WZ_FAR_WEST,LZ_WEST,ECEC_8,ONCOR,ECTOR,44372,79741,32.07001,-102.5861
132313,ECEC_8,138,WZ_FAR_WEST,LZ_WEST,ECEC_8,ONCOR,ECTOR,44372,79741,32.07001,-102.5861
132313,ECEC_8,138,WZ_FAR_WEST,LZ_WEST,ECEC_8,ONCOR,ECTOR,44372,79741,32.07001,-102.5861
132431,SIRIUS_UNIT1,34,WZ_FAR_WEST,LZ_WEST,OCI SOLAR TRE,LCRA,PECOS,16057,79735,30.88707,-102.2865
132431,SIRIUS_UNIT1,34,WZ_FAR_WEST,LZ_WEST,OCI SOLAR TRE,LCRA,PECOS,16057,79735,30.88707,-102.2865
132434,SIRIUS_8,138,WZ_FAR_WEST,LZ_WEST,OCI SOLAR TRE,LCRA,PECOS,16057,79735,30.88707,-102.2865
132436,SIRIUS_UNIT2,34,WZ_FAR_WEST,LZ_WEST,OCI SOLAR TRE,LCRA,PECOS,16057,79735,30.88707,-102.2865
132436,SIRIUS_UNIT2,34,WZ_FAR_WEST,LZ_WEST,OCI SOLAR TRE,LCRA,PECOS,16057,79735,30.88707,-102.2865
132481,RIGGINS_S1,34,WZ_FAR_WEST,LZ_WEST,RIGGINS,AEP,PECOS,17693,79735,31.07737,-102.8228
132481,RIGGINS_S1,34,WZ_FAR_WEST,LZ_WEST,RIGGINS,AEP,PECOS,17693,79735,31.07737,-102.8228
132482,RIGGINS_8,138,WZ_FAR_WEST,LZ_WEST,RIGGINS,AEP,PECOS,17693,79735,31.07737,-102.8228
132731,BOOTLE_UNIT1,34,WZ_FAR_WEST,LZ_WEST,BOOTLE_UNIT1,AEP,PECOS,16057,79735,30.99433,-102.2871
132731,BOOTLE_UNIT1,34,WZ_FAR_WEST,LZ_WEST,BOOTLE_UNIT1,AEP,PECOS,16057,79735,30.99433,-102.2871
132732,BOOTLEG_5,345,WZ_FAR_WEST,LZ_WEST,BOOTLEG_5,AEP,PECOS,16057,79735,30.99433,-102.2871
132781,CASLGP_UNIT1,34,WZ_FAR_WEST,LZ_WEST,CASTLE GAP SOLAR,LCRA,UPTON,20404,79752,31.25372,-102.3063
132781,CASLGP_UNIT1,34,WZ_FAR_WEST,LZ_WEST,CASTLE GAP SOLAR,LCRA,UPTON,20404,79752,31.25372,-102.3063
132783,CASL_GAP_8,138,WZ_FAR_WEST,LZ_WEST,CASTLE GAP SOLAR,LCRA,UPTON,20404,79752,31.25372,-102.3063
132788,CASL_GAP2,34,WZ_FAR_WEST,LZ_WEST,CASTLE GAP BATTERY,UNASSIGNED,UPTON,20404,79752,31.25372,-102.3063
132788,CASL_GAP2,34,WZ_FAR_WEST,LZ_WEST,CASTLE GAP BATTERY,UNASSIGNED,UPTON,20404,79752,31.25372,-102.3063
132831,HOLMAN_UNIT1,34,WZ_FAR_WEST,LZ_WEST,SOLAIREHOLMAN SOLAR GENERATOR BUS,AEP,BREWSTER,20404,79831,30.46504,-103.4754
132831,HOLMAN_UNIT1,34,WZ_FAR_WEST,LZ_WEST,SOLAIREHOLMAN SOLAR GENERATOR BUS,AEP,BREWSTER,20404,79831,30.46504,-103.4754
132832,HOLMAN1_9,69,WZ_FAR_WEST,LZ_WEST,SOLAIREHOLMAN SOLAR 69kV POI BUS,AEP,BREWSTER,20404,79831,30.46504,-103.4754
132941,SPTX12B_W1,34,WZ_FAR_WEST,LZ_WEST,CED UPTON COUNTY SOLAR,LCRA,UPTON,20404,79752,31.24893,-102.28889
132941,SPTX12B_W1,34,WZ_FAR_WEST,LZ_WEST,CED UPTON COUNTY SOLAR,LCRA,UPTON,20404,79752,31.24893,-102.28889
132943,SPTX12B_8,138,WZ_FAR_WEST,LZ_WEST,CED UPTON COUNTY SOLAR,LCRA,UPTON,20404,79752,31.24893,-102.28889
133341,W_PECOS_S1,34,WZ_FAR_WEST,LZ_WEST,W_PECOS_S1,ONCOR,WINKLER,,79770,31.806865,-103.861726
133341,W_PECOS_S1,34,WZ_FAR_WEST,LZ_WEST,W_PECOS_S1,ONCOR,WINKLER,,79770,31.806865,-103.861726
133342,W_PECOS_5,34,WZ_FAR_WEST,LZ_WEST,W_PECOS_5,ONCOR,WINKLER,,79770,31.806865,-103.861726
133841,WAYMARK_W1,34,WZ_FAR_WEST,LZ_WEST,WAYMARK,AEP,PECOS,16057,79735,30.99342,-102.2285
133841,WAYMARK_W1,34,WZ_FAR_WEST,LZ_WEST,WAYMARK,AEP,PECOS,16057,79735,30.99342,-102.2285
133842,WAYMARK_C,34,WZ_FAR_WEST,LZ_WEST,WAYMARK,AEP,PECOS,16057,79735,30.99342,-102.2285
133842,WAYMARK_C,34,WZ_FAR_WEST,LZ_WEST,WAYMARK,AEP,PECOS,16057,79735,30.99342,-102.2285
133843,WAYMARK_5,345,WZ_FAR_WEST,LZ_WEST,WAYMARK,AEP,PECOS,16057,79735,30.99342,-102.2285
133843,WAYMARK_5,345,WZ_FAR_WEST,LZ_WEST,WAYMARK,AEP,PECOS,16057,79735,30.99342,-102.2285
133991,RANCHERO_5,345,WZ_FAR_WEST,LZ_WEST,RANCHERO WIND,LCRA,CROCKETT,,76932,30.98543,-101.7099
133992,RANCHERO_W1,34,WZ_FAR_WEST,LZ_WEST,RANCHERO WIND 1,LCRA,CROCKETT,,76932,30.98543,-101.7099
133992,RANCHERO_W1,34,WZ_FAR_WEST,LZ_WEST,RANCHERO WIND 1,LCRA,CROCKETT,,76932,30.98543,-101.7099
133995,RANCHERO_W2,34,WZ_FAR_WEST,LZ_WEST,RANCHERO WIND 2,LCRA,CROCKETT,,76932,30.98543,-101.7099
133995,RANCHERO_W2,34,WZ_FAR_WEST,LZ_WEST,RANCHERO WIND 2,LCRA,CROCKETT,,76932,30.98543,-101.7099
134291,OXY_S1,12,WZ_FAR_WEST,LZ_WEST,OXY_S1,ONCOR,ECTOR,,79741,31.99194,-102.64737
134291,OXY_S1,12,WZ_FAR_WEST,LZ_WEST,OXY_S1,ONCOR,ECTOR,,79741,31.991936,-102.647366
134292,OXY_8,138,WZ_FAR_WEST,LZ_WEST,OXY_8,ONCOR,ECTOR,,79741,31.99194,-102.64737
140951,GPST_WIND_I,34,WZ_NORTH,LZ_WEST,GREEN PASTURES GENERATOR,AEP,PECOS,44372,76380,33.64628,-99.42068
140951,GPST_WIND_I,34,WZ_NORTH,LZ_WEST,GREEN PASTURES GENERATOR,AEP,PECOS,44372,76380,33.64628,-99.42068
140952,GPST_WIND_II,34,WZ_NORTH,LZ_WEST,VERTIGO GENERATOR,AEP,PECOS,44372,76380,33.62805,-99.40995
140952,GPST_WIND_II,34,WZ_NORTH,LZ_WEST,VERTIGO GENERATOR,AEP,PECOS,44372,76380,33.62805,-99.40995
140953,GPST_8,345,WZ_NORTH,LZ_WEST,GREEN PASTURES,AEP,PECOS,44372,76380,33.64628,-99.42068
140953,GPST_8,345,WZ_NORTH,LZ_WEST,GREEN PASTURES,AEP,PECOS,44372,76380,33.64628,-99.42068
170200,ACA_UNIT1,34,WZ_FAR_WEST,LZ_WEST,ACACIA GENERATOR,AEP,PRESIDIO,20404,79845,29.59283,-104.3344
170200,ACA_UNIT1,34,WZ_FAR_WEST,LZ_WEST,ACACIA GENERATOR,AEP,PRESIDIO,20404,79845,29.59283,-104.3344
181651,HOVEY_UNIT1,34,WZ_FAR_WEST,LZ_WEST,HOVEY GENERATOR BUS,AEP,PECOS,16057,79735,30.95266,-103.36144
181651,HOVEY_UNIT1,34,WZ_FAR_WEST,LZ_WEST,HOVEY GENERATOR BUS,AEP,PECOS,16057,79735,30.95266,-103.36144
181652,HOVEY_8,138,WZ_FAR_WEST,LZ_WEST,HOVEY HIGH SIDE BUS,AEP,PECOS,16057,79735,30.95266,-103.36144
182302,PHOEBE_2,34,WZ_FAR_WEST,LZ_WEST,PHEOBE_S2,ONCOR,WINKLER,,79759,31.863557,-102.840574
182303,PHOEBE_3,34,WZ_FAR_WEST,LZ_WEST,PHEOBE_C2,ONCOR,WINKLER,,79759,31.863557,-102.840574
182304,PHOEBE_4,34,WZ_FAR_WEST,LZ_WEST,PHOEBE_C1,ONCOR,WINKLER,,79759,31.863557,-102.840574
182305,PHOEBE_5,34,WZ_FAR_WEST,LZ_WEST,PHEOBE_8,ONCOR,WINKLER,,79759,31.863557,-102.840574
