type,properties.Name,properties.description,properties.altitudeMode,properties.WEBSITE,properties.CITY,properties.ZIP,properties.SCHOOLNAME,properties.TEA,properties.LEVEL,properties.PHONE,properties.SLN,properties.FID,properties.ADDRESS,properties.Field_1,geometry.type,Longtitude,Latitude,lat_long
Feature,Seagoville Middle School,,clampToGround,"<a target=""_blank"" href=""http://www.dallasisd.org/seagovillems"">http://www.dallasisd.org/seagovillems</a>",Dallas,75253,Seagoville Middle School,69,Middle,9728927100,69,1,950 Woody Rd.,Seagoville Middle School,Point,-96.58335217,32.68191671,"32.68191671,-96.58335217"
Feature,Kennedy-Curry Middle School,,clampToGround,"<a target=""_blank"" href=""http://www.dallasisd.org/kennedycurry"">http://www.dallasisd.org/kennedycurry</a>",Dallas,75241,Kennedy-Curry Middle School,354,Middle,9729251600,354,2,6605 Sebring Dr.,Kennedy-Curry Middle School,Point,-96.75787407,32.66096209,"32.66096209,-96.75787407"
Feature,Dade Middle School,,clampToGround,"<a target=""_blank"" href=""http://www.dallasisd.org/dade"">http://www.dallasisd.org/dade</a>",Dallas,75215,Dade Middle School,62,Middle,9727493800,62,3,2727 Al Lipscomb Way,Dade Middle School,Point,-96.77342108,32.77121802,"32.77121802,-96.77342108"
Feature,Lang Sr. Middle School,,clampToGround,"<a target=""_blank"" href=""http://www.dallasisd.org/lang"">http://www.dallasisd.org/lang</a>",Dallas,75228,Lang Sr. Middle School,76,Middle,9729252400,76,4,1678 Chenault St.,Lang Sr. Middle School,Point,-96.68680553,32.80176883,"32.80176883,-96.68680553"
Feature,Richards STEAM Academy Middle School,,clampToGround,"<a target=""_blank"" href=""http://www.dallasisd.org/annrichards"">http://www.dallasisd.org/annrichards</a>",Dallas,75227,Richards STEAM Academy Middle School,353,Middle,9728925400,353,5,3831 N. Prairie Creek Rd.,Richards STEAM Academy Middle School,Point,-96.66630353,32.77002783,"32.77002783,-96.66630353"
Feature,Long Middle School,,clampToGround,"<a target=""_blank"" href=""http://www.dallasisd.org/long"">http://www.dallasisd.org/long</a>",Dallas,75214,Long Middle School,53,Middle,9725024700,53,6,6116 Reiger Ave.,Long Middle School,Point,-96.75030433,32.8069496,"32.8069496,-96.75030433"
Feature,Rusk Middle School,,clampToGround,"<a target=""_blank"" href=""http://www.dallasisd.org/rusk"">http://www.dallasisd.org/rusk</a>",Dallas,75235,Rusk Middle School,55,Middle,9729252000,55,7,2929 Inwood Rd.,Rusk Middle School,Point,-96.83487937,32.82672382,"32.82672382,-96.83487937"
Feature,Medrano Junior High School,,clampToGround,"<a target=""_blank"" href=""http://www.dallasisd.org/panchomedrano"">http://www.dallasisd.org/panchomedrano</a>",Dallas,75220,Medrano Junior High School,79,Middle,9729251300,79,8,9815 Brockbank Dr,Medrano Junior High School,Point,-96.8763689,32.87256699,"32.87256699,-96.8763689"
Feature,Garcia Middle School,,clampToGround,"<a target=""_blank"" href=""http://www.dallasisd.org/garcia"">http://www.dallasisd.org/garcia</a>",Dallas,75203,Garcia Middle School,77,Middle,9725025500,77,9,700 E. Eighth St.,Garcia Middle School,Point,-96.81389343,32.74986164,"32.74986164,-96.81389343"
Feature,San Jacinto Elementary School,,clampToGround,"<a target=""_blank"" href=""http://www.dallasisd.org/sanjacinto"">http://www.dallasisd.org/sanjacinto</a>",Dallas,75227,San Jacinto Elementary School,207,Elementary,9727494200,207,190,7900 Hume Dr.,San Jacinto Elementary School,Point,-96.68595941,32.75697709,"32.75697709,-96.68595941"
Feature,Bush Elementary School,,clampToGround,"<a target=""_blank"" href=""http://www.dallasisd.org/georgehwbush"">http://www.dallasisd.org/georgehwbush</a>",Addison,75001,Bush Elementary School,304,Elementary,9729251700,304,195,3939 Spring Valley Rd.,Bush Elementary School,Point,-96.84983282,32.94183228,"32.94183228,-96.84983282"
Feature,Skyline High School,,clampToGround,"<a target=""_blank"" href=""http://www.dallasisd.org/skyline"">http://www.dallasisd.org/skyline</a>",Dallas,75227,Skyline High School,25,High,9725023400,25,220,7777 Forney Rd.,Skyline High School,Point,-96.69055741,32.78051519,"32.78051519,-96.69055741"
Feature,Obama Male Leadership Academy,,clampToGround,"<a target=""_blank"" href=""http://www.dallasisd.org/obama"">http://www.dallasisd.org/obama</a>",Dallas,75241,Obama Male Leadership Academy,381,Magnet,9727492100,381,225,3030 Stag Rd.,Obama Male Leadership Academy,Point,-96.76490167,32.6918624,"32.6918624,-96.76490167"
Feature,Judge Barefoot Sanders Magnet Center for Public Service,,clampToGround,"<a target=""_blank"" href=""http://www.dallasisd.org/lawmagnet"">http://www.dallasisd.org/lawmagnet</a>",Dallas,75203,Judge Barefoot Sanders Magnet Center for Public Service,38,Magnet,9729255900,38,230,1201 E. Eighth St.,Judge Barefoot Sanders Magnet Center for Public Service,Point,-96.80717839,32.75256366,"32.75256366,-96.80717839"
Feature,Johnson Elementary School,,clampToGround,"<a target=""_blank"" href=""http://www.dallasisd.org/"">http://www.dallasisd.org/</a>",Wilmer,75172,Johnson Elementary School,312,Elementary,9729253700,312,240,201 S. Goode Rd.,Johnson Elementary School,Point,-96.67648618,32.5907893,"32.5907893,-96.67648618"
Feature,Quintanilla Sr. Middle School STEAM Academy,,clampToGround,"<a target=""_blank"" href=""http://www.dallasisd.org/quintanilla"">http://www.dallasisd.org/quintanilla</a>",Dallas,75211,Quintanilla Sr. Middle School STEAM Academy,68,Middle,9725023200,68,10,2700 Remond Dr.,Quintanilla Sr. Middle School STEAM Academy,Point,-96.8656739,32.76197572,"32.76197572,-96.8656739"
Feature,Stockard Middle School,,clampToGround,"<a target=""_blank"" href=""http://www.dallasisd.org/stockard"">http://www.dallasisd.org/stockard</a>",Dallas,75211,Stockard Middle School,59,Middle,9727945700,59,11,2300 S. Ravinia Dr.,Stockard Middle School,Point,-96.86731603,32.7228061,"32.7228061,-96.86731603"
Feature,Gaston Middle School,,clampToGround,"<a target=""_blank"" href=""http://www.dallasisd.org/gaston"">http://www.dallasisd.org/gaston</a>",Dallas,75228,Gaston Middle School,48,Middle,9725025400,48,12,9565 Mercer Dr.,Gaston Middle School,Point,-96.69409307,32.82477446,"32.82477446,-96.69409307"
Feature,Hill Middle School,,clampToGround,"<a target=""_blank"" href=""http://www.dallasisd.org/hill"">http://www.dallasisd.org/hill</a>",Dallas,75218,Hill Middle School,50,Middle,9725025700,50,13,505 Easton Rd.,Hill Middle School,Point,-96.70415243,32.85545188,"32.85545188,-96.70415243"
Feature,Zumwalt Middle School,,clampToGround,"<a target=""_blank"" href=""http://www.dallasisd.org/zumwalt"">http://www.dallasisd.org/zumwalt</a>",Dallas,75216,Zumwalt Middle School,72,Middle,9727493600,72,14,2445 E. Ledbetter Dr.,Zumwalt Middle School,Point,-96.7825569,32.6913162,"32.6913162,-96.7825569"
Feature,Browne Middle School,,clampToGround,"<a target=""_blank"" href=""http://www.dallasisd.org/browne"">http://www.dallasisd.org/browne</a>",Dallas,75233,Browne Middle School,43,Middle,9725052500,43,15,3333 Sprague Dr.,Browne Middle School,Point,-96.87629263,32.69682384,"32.69682384,-96.87629263"
Feature,Holmes Jr. Middle School,,clampToGround,"<a target=""_blank"" href=""http://www.dallasisd.org/zwholmes"">http://www.dallasisd.org/zwholmes</a>",Dallas,75233,Holmes Jr. Middle School,100,Middle,2149327800,100,16,2939 St. Rita Dr.,Holmes Jr. Middle School,Point,-96.86849139,32.71095485,"32.71095485,-96.86849139"
Feature,Highland Meadows Elementary School,,clampToGround,"<a target=""_blank"" href=""http://www.dallasisd.org/hmeadows"">http://www.dallasisd.org/hmeadows</a>",Dallas,75238,Highland Meadows Elementary School,284,Elementary,9725025200,284,17,8939 Whitewing Lane,Highland Meadows Elementary School,Point,-96.68786244,32.87059266,"32.87059266,-96.68786244"
Feature,Frank Elementary School,,clampToGround,"<a target=""_blank"" href=""http://www.dallasisd.org/frank"">http://www.dallasisd.org/frank</a>",Dallas,75254,Frank Elementary School,280,Elementary,9725025900,280,18,5201 Celestial Rd.,Frank Elementary School,Point,-96.8179158,32.94776428,"32.94776428,-96.8179158"
Feature,Kramer Elementary School,,clampToGround,"<a target=""_blank"" href=""http://www.dallasisd.org/kramer"">http://www.dallasisd.org/kramer</a>",Dallas,75230,Kramer Elementary School,169,Elementary,9727948300,169,19,7131 Midbury Dr.,Kramer Elementary School,Point,-96.78328248,32.90222372,"32.90222372,-96.78328248"
Feature,Kleberg Elementary School,,clampToGround,"<a target=""_blank"" href=""http://www.dallasisd.org/kleberg"">http://www.dallasisd.org/kleberg</a>",Dallas,75253,Kleberg Elementary School,167,Elementary,9727496500,167,20,1450 Edd Rd.,Kleberg Elementary School,Point,-96.60049983,32.68434966,"32.68434966,-96.60049983"
Feature,Moseley Elementary School,,clampToGround,"<a target=""_blank"" href=""http://www.dallasisd.org/moseley"">http://www.dallasisd.org/moseley</a>",Dallas,75217,Moseley Elementary School,187,Elementary,9727496700,187,21,10400 Rylie Rd.,Moseley Elementary School,Point,-96.64235478,32.68936181,"32.68936181,-96.64235478"
Feature,Halliday Elementary School,,clampToGround,"<a target=""_blank"" href=""http://www.dallasisd.org/ebbyhalliday"">http://www.dallasisd.org/ebbyhalliday</a>",Dallas,75217,Halliday Elementary School,305,Elementary,9729251800,305,22,10210 Teagarden Rd.,Halliday Elementary School,Point,-96.64701077,32.67269981,"32.67269981,-96.64701077"
Feature,Ervin Elementary School,,clampToGround,"<a target=""_blank"" href=""http://www.dallasisd.org/ervin"">http://www.dallasisd.org/ervin</a>",Dallas,75241,Ervin Elementary School,142,Elementary,9727493700,142,23,3722 Black Oak Dr.,Ervin Elementary School,Point,-96.76223305,32.67964685,"32.67964685,-96.76223305"
Feature,Wilmer-Hutchins Elementary School,,clampToGround,"<a target=""_blank"" href=""http://www.dallasisd.org/wilmerhutchinses"">http://www.dallasisd.org/wilmerhutchinses</a>",Dallas,75241,Wilmer-Hutchins Elementary School,301,Elementary,9729252600,301,24,7475 J.J. Lemmon Rd.,Wilmer-Hutchins Elementary School,Point,-96.72770278,32.65419448,"32.65419448,-96.72770278"
Feature,Alexander Elementary School,,clampToGround,"<a target=""_blank"" href=""http://www.dallasisd.org/alexander"">http://www.dallasisd.org/alexander</a>",Dallas,75232,Alexander Elementary School,235,Elementary,9727493100,235,25,1830 Goldwood Dr.,Alexander Elementary School,Point,-96.84765097,32.656015,"32.656015,-96.84765097"
Feature,U. Lee Elementary School,,clampToGround,"<a target=""_blank"" href=""http://www.dallasisd.org/ulee"">http://www.dallasisd.org/ulee</a>",Dallas,75232,U. Lee Elementary School,175,Elementary,9727493900,175,26,7808 Racine Dr.,U. Lee Elementary School,Point,-96.83547409,32.65277807,"32.65277807,-96.83547409"
Feature,McNair Elementary School,,clampToGround,"<a target=""_blank"" href=""http://www.dallasisd.org/mcnair"">http://www.dallasisd.org/mcnair</a>",Dallas,75237,McNair Elementary School,264,Elementary,9727946200,264,27,3150 Bainbridge Ave.,McNair Elementary School,Point,-96.86327832,32.65618513,"32.65618513,-96.86327832"
Feature,Weiss Elementary School,,clampToGround,"<a target=""_blank"" href=""http://www.dallasisd.org/weiss"">http://www.dallasisd.org/weiss</a>",Dallas,75232,Weiss Elementary School,226,Elementary,9727494000,226,28,8601 Willoughby Blvd.,Weiss Elementary School,Point,-96.83047692,32.6438337,"32.6438337,-96.83047692"
Feature,Blair Elementary School,,clampToGround,"<a target=""_blank"" href=""http://www.dallasisd.org/blair"">http://www.dallasisd.org/blair</a>",Dallas,75217,Blair Elementary School,109,Elementary,9727941600,109,29,7720 Gayglen Dr.,Blair Elementary School,Point,-96.68872845,32.70875522,"32.70875522,-96.68872845"
Feature,Burleson Elementary School,,clampToGround,"<a target=""_blank"" href=""http://www.dallasisd.org/burleson"">http://www.dallasisd.org/burleson</a>",Dallas,75217,Burleson Elementary School,117,Elementary,9727494500,117,30,6300 Elam Rd.,Burleson Elementary School,Point,-96.71318039,32.71872913,"32.71872913,-96.71318039"
Feature,Douglass Elementary School,,clampToGround,"<a target=""_blank"" href=""http://www.dallasisd.org/douglas"">http://www.dallasisd.org/douglas</a>",Dallas,75217,Douglass Elementary School,266,Elementary,9727941400,266,31,226 N. Jim Miller Rd.,Douglass Elementary School,Point,-96.69750763,32.71561273,"32.71561273,-96.69750763"
Feature,Bayles Elementary School,,clampToGround,"<a target=""_blank"" href=""http://www.dallasisd.org/bayles"">http://www.dallasisd.org/bayles</a>",Dallas,75228,Bayles Elementary School,108,Elementary,9727498900,108,32,2444 Telegraph Ave.,Bayles Elementary School,Point,-96.70606088,32.80107485,"32.80107485,-96.70606088"
Feature,Conner Elementary School,,clampToGround,"<a target=""_blank"" href=""http://www.dallasisd.org/conner"">http://www.dallasisd.org/conner</a>",Dallas,75228,Conner Elementary School,129,Elementary,9727498200,129,33,3037 Greenmeadow Dr.,Conner Elementary School,Point,-96.69475848,32.80824868,"32.80824868,-96.69475848"
Feature,Truett Elementary School,,clampToGround,"<a target=""_blank"" href=""http://www.dallasisd.org/truett"">http://www.dallasisd.org/truett</a>",Dallas,75228,Truett Elementary School,218,Elementary,9727498000,218,34,1811 Gross Rd.,Truett Elementary School,Point,-96.68349852,32.81643487,"32.81643487,-96.68349852"
Feature,Titche Elementary School,,clampToGround,"<a target=""_blank"" href=""http://www.dallasisd.org/titche"">http://www.dallasisd.org/titche</a>",Dallas,75227,Titche Elementary School,216,Elementary,9727942100,216,35,9560 Highfield Dr.,Titche Elementary School,Point,-96.65856452,32.75476819,"32.75476819,-96.65856452"
Feature,Dunbar Learning Center,,clampToGround,"<a target=""_blank"" href=""http://www.dallasisd.org/dunbar"">http://www.dallasisd.org/dunbar</a>",Dallas,75210,Dunbar Learning Center,139,Elementary,9727946600,139,36,4200 Metropolitan Ave.,Dunbar Learning Center,Point,-96.74920872,32.774833,"32.774833,-96.74920872"
Feature,Guzick Elementary School,,clampToGround,"<a target=""_blank"" href=""http://www.dallasisd.org/guzick"">http://www.dallasisd.org/guzick</a>",Dallas,75227,Guzick Elementary School,240,Elementary,9725023900,240,37,5000 Berridge Ln,Guzick Elementary School,Point,-96.69274288,32.78473138,"32.78473138,-96.69274288"
Feature,King Jr. Arts Academy,,clampToGround,"<a target=""_blank"" href=""http://www.dallasisd.org/mlk"">http://www.dallasisd.org/mlk</a>",Dallas,75215,King Jr. Arts Academy,128,Choice,9725028100,128,38,1817 Warren Ave.,King Jr. Arts Academy,Point,-96.77350468,32.76101144,"32.76101144,-96.77350468"
Feature,Rhoads Learning Center,,clampToGround,"<a target=""_blank"" href=""http://www.dallasisd.org/rhoads"">http://www.dallasisd.org/rhoads</a>",Dallas,75210,Rhoads Learning Center,200,Elementary,9727491000,200,39,4401 Second Ave.,Rhoads Learning Center,Point,-96.74873525,32.76342664,"32.76342664,-96.74873525"
Feature,Rice Learning Center,,clampToGround,"<a target=""_blank"" href=""http://www.dallasisd.org/rice"">http://www.dallasisd.org/rice</a>",Dallas,75215,Rice Learning Center,201,Elementary,9727491100,201,40,2425 Pine St.,Rice Learning Center,Point,-96.76213262,32.7564951,"32.7564951,-96.76213262"
Feature,Rowe Elementary School,,clampToGround,"<a target=""_blank"" href=""http://www.dallasisd.org/rowe"">http://www.dallasisd.org/rowe</a>",Dallas,75227,Rowe Elementary School,232,Elementary,9727498000,232,41,4918 Hovenkamp Dr.,Rowe Elementary School,Point,-96.70674368,32.78544253,"32.78544253,-96.70674368"
Feature,Silberstein Elementary School,,clampToGround,"<a target=""_blank"" href=""http://www.dallasisd.org/silberstein"">http://www.dallasisd.org/silberstein</a>",Dallas,75227,Silberstein Elementary School,209,Elementary,9727941900,209,42,5940 Hollis Ave.,Silberstein Elementary School,Point,-96.72053575,32.76721045,"32.76721045,-96.72053575"
Feature,Tatum Jr. Elementary School,,clampToGround,"<a target=""_blank"" href=""http://www.dallasisd.org/tatum"">http://www.dallasisd.org/tatum</a>",Dallas,75227,Tatum Jr. Elementary School,155,Elementary,9725022000,155,43,3002 N. St. Augustine Rd.,Tatum Jr. Elementary School,Point,-96.65554382,32.76337874,"32.76337874,-96.65554382"
Feature,Callejo Elementary School,,clampToGround,"<a target=""_blank"" href=""http://www.dallasisd.org/callejo"">http://www.dallasisd.org/callejo</a>",Dallas,75227,Callejo Elementary School,247,Elementary,9728925700,247,44,7817 Military Pkwy,Callejo Elementary School,Point,-96.6866761,32.77140328,"32.77140328,-96.6866761"
Feature,Geneva Heights Elementary School,,clampToGround,"<a target=""_blank"" href=""http://www.dallasisd.org/genevaheights"">http://www.dallasisd.org/genevaheights</a>",Dallas,75206,Geneva Heights Elementary School,174,Elementary,9727497400,174,46,2911 Delmar Ave.,Geneva Heights Elementary School,Point,-96.76637297,32.82416713,"32.82416713,-96.76637297"
Feature,Lipscomb Elementary School,,clampToGround,"<a target=""_blank"" href=""http://www.dallasisd.org/lipscomb"">http://www.dallasisd.org/lipscomb</a>",Dallas,75214,Lipscomb Elementary School,177,Elementary,9727947300,177,47,5801 Worth St.,Lipscomb Elementary School,Point,-96.75702983,32.80716747,"32.80716747,-96.75702983"
Feature,Milam Elementary School,,clampToGround,"<a target=""_blank"" href=""http://www.dallasisd.org/milam"">http://www.dallasisd.org/milam</a>",Dallas,75205,Milam Elementary School,184,Elementary,9727495600,184,48,4200 McKinney Ave.,Milam Elementary School,Point,-96.79015757,32.81638188,"32.81638188,-96.79015757"
Feature,Rogers Elementary School,,clampToGround,"<a target=""_blank"" href=""http://www.dallasisd.org/rogers"">http://www.dallasisd.org/rogers</a>",Dallas,75214,Rogers Elementary School,203,Elementary,9727948800,203,49,5314 Abrams Rd.,Rogers Elementary School,Point,-96.75170468,32.85205831,"32.85205831,-96.75170468"
Feature,Chavez Learning Center,,clampToGround,"<a target=""_blank"" href=""http://www.dallasisd.org/chavez"">http://www.dallasisd.org/chavez</a>",Dallas,75204,Chavez Learning Center,281,Elementary,9729251000,281,51,1710 N. Carroll,Chavez Learning Center,Point,-96.78057192,32.8037299,"32.8037299,-96.78057192"
Feature,Foster Elementary School,,clampToGround,"<a target=""_blank"" href=""http://www.dallasisd.org/foster"">http://www.dallasisd.org/foster</a>",Dallas,75220,Foster Elementary School,145,Elementary,9727948100,145,52,3700 Clover Lane,Foster Elementary School,Point,-96.8537727,32.86997559,"32.86997559,-96.8537727"
Feature,Montessori Academy at Hernandez Elementary School,,clampToGround,"<a target=""_blank"" href=""http://www.dallasisd.org/hernandez"">http://www.dallasisd.org/hernandez</a>",Dallas,75235,Montessori Academy at Hernandez Elementary School,385,Magnet,9729252700,385,53,5555 Maple Ave.,Montessori Academy at Hernandez Elementary School,Point,-96.8364242,32.8196756,"32.8196756,-96.8364242"
Feature,Personalized Learning Preparatory School at Sam Houston ES,,clampToGround,"<a target=""_blank"" href=""http://www.dallasisd.org/houston"">http://www.dallasisd.org/houston</a>",Dallas,75219,Personalized Learning Preparatory School at Sam Houston ES,160,Choice,9727495800,160,54,2827 Throckmorton,Personalized Learning Preparatory School at Sam Houston ES,Point,-96.81335547,32.81013877,"32.81013877,-96.81335547"
Feature,Knight Elementary School,,clampToGround,"<a target=""_blank"" href=""http://www.dallasisd.org/knight"">http://www.dallasisd.org/knight</a>",Dallas,75235,Knight Elementary School,168,Elementary,9727495300,168,56,2615 Anson Rd.,Knight Elementary School,Point,-96.85182545,32.83687036,"32.83687036,-96.85182545"
Feature,Maple Lawn Elementary School,,clampToGround,"<a target=""_blank"" href=""http://www.dallasisd.org/maplelawn"">http://www.dallasisd.org/maplelawn</a>",Dallas,75235,Maple Lawn Elementary School,181,Elementary,9729252500,181,57,3120 Inwood Rd.,Maple Lawn Elementary School,Point,-96.82986457,32.82589002,"32.82589002,-96.82986457"
Feature,Medrano Elementary School,,clampToGround,"<a target=""_blank"" href=""http://www.dallasisd.org/hopemedrano"">http://www.dallasisd.org/hopemedrano</a>",Dallas,75219,Medrano Elementary School,283,Elementary,9727943300,283,58,2221 Lucas Dr.,Medrano Elementary School,Point,-96.8271443,32.80863859,"32.80863859,-96.8271443"
Feature,Mount Auburn STEAM Academy Elementary School,,clampToGround,"<a target=""_blank"" href=""http://www.dallasisd.org/mountauburn"">http://www.dallasisd.org/mountauburn</a>",Dallas,75223,Mount Auburn STEAM Academy Elementary School,188,Elementary,9727498500,188,59,6012 E. Grand Ave.,Mount Auburn STEAM Academy Elementary School,Point,-96.74403453,32.79583616,"32.79583616,-96.74403453"
Feature,Roberts Elementary School,,clampToGround,"<a target=""_blank"" href=""http://www.dallasisd.org/oranroberts"">http://www.dallasisd.org/oranroberts</a>",Dallas,75223,Roberts Elementary School,202,Elementary,9727498700,202,60,4919 E. Grand Ave.,Roberts Elementary School,Point,-96.75421815,32.78850144,"32.78850144,-96.75421815"
Feature,Zaragoza Elementary School,,clampToGround,"<a target=""_blank"" href=""http://www.dallasisd.org/zaragoza"">http://www.dallasisd.org/zaragoza</a>",Dallas,75246,Zaragoza Elementary School,131,Elementary,9727498600,131,61,4550 Worth St.,Zaragoza Elementary School,Point,-96.77087369,32.79515998,"32.79515998,-96.77087369"
Feature,Carr Elementary School,,clampToGround,"<a target=""_blank"" href=""http://www.dallasisd.org/carr"">http://www.dallasisd.org/carr</a>",Dallas,75212,Carr Elementary School,122,Elementary,9727944300,122,62,1952 Bayside St.,Carr Elementary School,Point,-96.85274412,32.78788143,"32.78788143,-96.85274412"
Feature,De Zavala Elementary School,,clampToGround,"<a target=""_blank"" href=""http://www.dallasisd.org/dezavala"">http://www.dallasisd.org/dezavala</a>",Dallas,75212,De Zavala Elementary School,260,Elementary,9728926400,260,63,3214 N. Winnetka Ave.,De Zavala Elementary School,Point,-96.8390579,32.78110876,"32.78110876,-96.8390579"
Feature,Arcadia Park Elementary School,,clampToGround,"<a target=""_blank"" href=""http://www.dallasisd.org/arcadiapark"">http://www.dallasisd.org/arcadiapark</a>",Dallas,75211,Arcadia Park Elementary School,105,Elementary,9725025300,105,64,1300 N. Justin Ave.,Arcadia Park Elementary School,Point,-96.9105375,32.75940367,"32.75940367,-96.9105375"
Feature,Allen Charter School,,clampToGround,"<a target=""_blank"" href=""http://www.dallasisd.org/allen"">http://www.dallasisd.org/allen</a>",Dallas,75212,Allen Charter School,103,Elementary,9727945100,103,65,5220 Nomas St.,Allen Charter School,Point,-96.90756694,32.78151871,"32.78151871,-96.90756694"
Feature,Burnet Elementary School,,clampToGround,"<a target=""_blank"" href=""http://www.dallasisd.org/burnet"">http://www.dallasisd.org/burnet</a>",Dallas,75220,Burnet Elementary School,116,Elementary,9727943000,116,66,3200 Kinkaid Dr.,Burnet Elementary School,Point,-96.86842524,32.87645354,"32.87645354,-96.86842524"
Feature,Cigarroa Elementary School,,clampToGround,"<a target=""_blank"" href=""http://www.dallasisd.org/cigarroa"">http://www.dallasisd.org/cigarroa</a>",Dallas,75220,Cigarroa Elementary School,278,Elementary,9725022900,278,67,9990 Webb Chapel Rd,Cigarroa Elementary School,Point,-96.86475634,32.88003189,"32.88003189,-96.86475634"
Feature,Dallas Environmental Science Academy,,clampToGround,"<a target=""_blank"" href=""http://www.dallasisd.org/desa"">http://www.dallasisd.org/desa</a>",Dallas,75212,Dallas Environmental Science Academy,71,Magnet,9727943950,71,68,3531 N. Westmoreland Rd.,Dallas Environmental Science Academy,Point,-96.87538946,32.78505101,"32.78505101,-96.87538946"
Feature,Martinez Learning Center,,clampToGround,"<a target=""_blank"" href=""http://www.dallasisd.org/martinez"">http://www.dallasisd.org/martinez</a>",Dallas,75212,Martinez Learning Center,265,Elementary,9727946900,265,69,4500 Bernal Dr.,Martinez Learning Center,Point,-96.89370246,32.78678645,"32.78678645,-96.89370246"
Feature,Saldivar Elementary School,,clampToGround,"<a target=""_blank"" href=""http://www.dallasisd.org/saldivar"">http://www.dallasisd.org/saldivar</a>",Dallas,75220,Saldivar Elementary School,271,Elementary,9727942000,271,70,9510 Brockbank Dr.,Saldivar Elementary School,Point,-96.87281893,32.86477443,"32.86477443,-96.87281893"
Feature,Moreno STEAM Academy,,clampToGround,"<a target=""_blank"" href=""http://www.dallasisd.org/moreno"">http://www.dallasisd.org/moreno</a>",Dallas,75224,Moreno STEAM Academy,272,Elementary,9725023100,272,71,2115 S. Hampton Rd.,Moreno STEAM Academy,Point,-96.8581128,32.72397038,"32.72397038,-96.8581128"
Feature,Botello Personalized Learning Academy,,clampToGround,"<a target=""_blank"" href=""http://www.dallasisd.org/botello"">http://www.dallasisd.org/botello</a>",Dallas,75203,Botello Personalized Learning Academy,289,Elementary,2149325179,289,72,225 S. Marsalis Ave.,Botello Personalized Learning Academy,Point,-96.81641729,32.74563361,"32.74563361,-96.81641729"
Feature,Bowie Elementary School,,clampToGround,"<a target=""_blank"" href=""http://www.dallasisd.org/bowie"">http://www.dallasisd.org/bowie</a>",Dallas,75203,Bowie Elementary School,112,Elementary,9729256600,112,73,330 N. Marsalis Ave.,Bowie Elementary School,Point,-96.81486346,32.75236397,"32.75236397,-96.81486346"
Feature,Cowart Elementary School,,clampToGround,"<a target=""_blank"" href=""http://www.dallasisd.org/cowart"">http://www.dallasisd.org/cowart</a>",Dallas,75211,Cowart Elementary School,130,Elementary,9727945500,130,74,1515 S. Ravinia,Cowart Elementary School,Point,-96.8699327,32.72801025,"32.72801025,-96.8699327"
Feature,Donald Elementary School,,clampToGround,"<a target=""_blank"" href=""http://www.dallasisd.org/donald"">http://www.dallasisd.org/donald</a>",Dallas,75211,Donald Elementary School,136,Elementary,9727945300,136,75,1218 Phinney Ave.,Donald Elementary School,Point,-96.88708005,32.73252234,"32.73252234,-96.88708005"
Feature,Hall Personalized Learning Academy at Oak Cliff,,clampToGround,"<a target=""_blank"" href=""http://www.dallasisd.org/hall"">http://www.dallasisd.org/hall</a>",Dallas,75211,Hall Personalized Learning Academy at Oak Cliff,149,Elementary,9727945400,149,76,2120 Keats Dr.,Hall Personalized Learning Academy at Oak Cliff,Point,-96.88126058,32.72174118,"32.72174118,-96.88126058"
Feature,Henderson Elementary School,,clampToGround,"<a target=""_blank"" href=""http://www.dallasisd.org/henderson"">http://www.dallasisd.org/henderson</a>",Dallas,75224,Henderson Elementary School,152,Elementary,9727492900,152,77,2200 S. Edgefield St.,Henderson Elementary School,Point,-96.84391772,32.7239742,"32.7239742,-96.84391772"
Feature,Hogg New Tech Center,,clampToGround,"<a target=""_blank"" href=""http://www.dallasisd.org/hogg"">http://www.dallasisd.org/hogg</a>",Dallas,75208,Hogg New Tech Center,157,Elementary,9725028600,157,78,1144 N. Madison Ave.,Hogg New Tech Center,Point,-96.82508208,32.75687959,"32.75687959,-96.82508208"
Feature,Hooe Elementary School,,clampToGround,"<a target=""_blank"" href=""http://www.dallasisd.org/hooe"">http://www.dallasisd.org/hooe</a>",Dallas,75211,Hooe Elementary School,158,Elementary,9727946700,158,79,2419 Gladstone Dr.,Hooe Elementary School,Point,-96.85745756,32.74075466,"32.74075466,-96.85745756"
Feature,Kahn Elementary School,,clampToGround,"<a target=""_blank"" href=""http://www.dallasisd.org/kahn"">http://www.dallasisd.org/kahn</a>",Dallas,75211,Kahn Elementary School,275,Elementary,9725021400,275,80,610 N. Franklin St.,Kahn Elementary School,Point,-96.85984939,32.75128466,"32.75128466,-96.85984939"
Feature,Peabody Elementary School,,clampToGround,"<a target=""_blank"" href=""http://www.dallasisd.org/peabody"">http://www.dallasisd.org/peabody</a>",Dallas,75211,Peabody Elementary School,190,Elementary,9727945200,190,81,3101 Raydell Place,Peabody Elementary School,Point,-96.8729504,32.74286053,"32.74286053,-96.8729504"
Feature,Peeler Elementary School,,clampToGround,"<a target=""_blank"" href=""http://www.dallasisd.org/peeler"">http://www.dallasisd.org/peeler</a>",Dallas,75208,Peeler Elementary School,192,Elementary,9725028300,192,82,810 S. Llewellyn Ave.,Peeler Elementary School,Point,-96.8311873,32.73806728,"32.73806728,-96.8311873"
Feature,Reagan Elementary School,,clampToGround,"<a target=""_blank"" href=""http://www.dallasisd.org/reagan"">http://www.dallasisd.org/reagan</a>",Dallas,75208,Reagan Elementary School,197,Elementary,9725028200,197,83,201 N. Adams Ave.,Reagan Elementary School,Point,-96.83115249,32.74684085,"32.74684085,-96.83115249"
Feature,Rosemont Lower,,clampToGround,"<a target=""_blank"" href=""http://www.dallasisd.org/rosemont"">http://www.dallasisd.org/rosemont</a>",Dallas,75208,Rosemont Lower,204,Elementary,9727495000,204,84,1919 Stevens Forest Dr.,Rosemont Lower,Point,-96.85049396,32.75269781,"32.75269781,-96.85049396"
Feature,Stevens Park Elementary School,,clampToGround,"<a target=""_blank"" href=""http://www.dallasisd.org/stevenspark"">http://www.dallasisd.org/stevenspark</a>",Dallas,75211,Stevens Park Elementary School,211,Elementary,9727944200,211,86,2615 W. Colorado Blvd.,Stevens Park Elementary School,Point,-96.86488483,32.76075207,"32.76075207,-96.86488483"
Feature,Winnetka Elementary School,,clampToGround,"<a target=""_blank"" href=""http://www.dallasisd.org/winnetka"">http://www.dallasisd.org/winnetka</a>",Dallas,75208,Winnetka Elementary School,229,Elementary,9727495100,229,87,1151 S. Edgefield Ave.,Winnetka Elementary School,Point,-96.84524374,32.73440072,"32.73440072,-96.84524374"
Feature,Lakewood Elementary School,,clampToGround,"<a target=""_blank"" href=""http://www.dallasisd.org/lakewood"">http://www.dallasisd.org/lakewood</a>",Dallas,75214,Lakewood Elementary School,171,Elementary,9727497300,171,88,3000 Hillbrook St.,Lakewood Elementary School,Point,-96.74375069,32.82576324,"32.82576324,-96.74375069"
Feature,Casa View Elementary School,,clampToGround,"<a target=""_blank"" href=""http://www.dallasisd.org/casaview"">http://www.dallasisd.org/casaview</a>",Dallas,75228,Casa View Elementary School,125,Elementary,9727497700,125,89,2100 N. Farola Dr.,Casa View Elementary School,Point,-96.67473222,32.84548541,"32.84548541,-96.67473222"
Feature,Gill Elementary School,,clampToGround,"<a target=""_blank"" href=""http://www.dallasisd.org/gill"">http://www.dallasisd.org/gill</a>",Dallas,75228,Gill Elementary School,147,Elementary,9727498400,147,90,10910 Ferguson Rd.,Gill Elementary School,Point,-96.66072567,32.84421387,"32.84421387,-96.66072567"
Feature,Hexter Elementary School,,clampToGround,"<a target=""_blank"" href=""http://www.dallasisd.org/hexter"">http://www.dallasisd.org/hexter</a>",Dallas,75218,Hexter Elementary School,153,Elementary,9725025800,153,91,9720 Waterview Rd.,Hexter Elementary School,Point,-96.70959458,32.84923896,"32.84923896,-96.70959458"
Feature,Hotchkiss Elementary School,,clampToGround,"<a target=""_blank"" href=""http://www.dallasisd.org/hotchkiss"">http://www.dallasisd.org/hotchkiss</a>",Dallas,75231,Hotchkiss Elementary School,159,Elementary,9727497000,159,92,6929 Town North Dr.,Hotchkiss Elementary School,Point,-96.74050344,32.85866609,"32.85866609,-96.74050344"
Feature,Kiest Elementary School,,clampToGround,"<a target=""_blank"" href=""http://www.dallasisd.org/kiest"">http://www.dallasisd.org/kiest</a>",Dallas,75228,Kiest Elementary School,166,Elementary,9725025600,166,93,2611 Healey Dr.,Kiest Elementary School,Point,-96.67051244,32.82586356,"32.82586356,-96.67051244"
Feature,Reilly Elementary School,,clampToGround,"<a target=""_blank"" href=""http://www.dallasisd.org/reilly"">http://www.dallasisd.org/reilly</a>",Dallas,75218,Reilly Elementary School,198,Elementary,9727497800,198,94,11230 Lippitt Ave.,Reilly Elementary School,Point,-96.68837138,32.85476159,"32.85476159,-96.68837138"
Feature,Young Jr. Elementary School,,clampToGround,"<a target=""_blank"" href=""http://www.dallasisd.org/young"">http://www.dallasisd.org/young</a>",Dallas,75216,Young Jr. Elementary School,250,Elementary,9727492000,250,96,4601 Veterans Dr.,Young Jr. Elementary School,Point,-96.78588717,32.69628607,"32.69628607,-96.78588717"
Feature,Brashear Elementary School,,clampToGround,"<a target=""_blank"" href=""http://www.dallasisd.org/brashear"">http://www.dallasisd.org/brashear</a>",Dallas,75224,Brashear Elementary School,172,Elementary,9725022600,172,97,2959 S. Hampton Rd.,Brashear Elementary School,Point,-96.85786202,32.71258669,"32.71258669,-96.85786202"
Feature,Marsalis Elementary STEAM Academy,,clampToGround,"<a target=""_blank"" href=""http://www.dallasisd.org/marsalis"">http://www.dallasisd.org/marsalis</a>",Dallas,75241,Marsalis Elementary STEAM Academy,183,Elementary,9727493500,183,98,5640 S. Marsalis Ave.,Marsalis Elementary STEAM Academy,Point,-96.81334447,32.67817865,"32.67817865,-96.81334447"
Feature,Stemmons Elementary School,,clampToGround,"<a target=""_blank"" href=""http://www.dallasisd.org/stemmons"">http://www.dallasisd.org/stemmons</a>",Dallas,75211,Stemmons Elementary School,210,Elementary,9727944900,210,99,2727 Knoxville St.,Stemmons Elementary School,Point,-96.90153216,32.71566498,"32.71566498,-96.90153216"
Feature,Terry Elementary School,,clampToGround,"<a target=""_blank"" href=""http://www.dallasisd.org/terry"">http://www.dallasisd.org/terry</a>",Dallas,75232,Terry Elementary School,213,Elementary,9727493200,213,100,6661 Greenspan Ave.,Terry Elementary School,Point,-96.83020152,32.66555996,"32.66555996,-96.83020152"
Feature,Thornton Elementary School,,clampToGround,"<a target=""_blank"" href=""http://www.dallasisd.org/rlthornton"">http://www.dallasisd.org/rlthornton</a>",Dallas,75241,Thornton Elementary School,215,Elementary,9727948000,215,101,6011 Old Ox Rd.,Thornton Elementary School,Point,-96.79796064,32.67409739,"32.67409739,-96.79796064"
Feature,Tolbert Elementary School,,clampToGround,"<a target=""_blank"" href=""http://www.dallasisd.org/tolbert"">http://www.dallasisd.org/tolbert</a>",Dallas,75233,Tolbert Elementary School,277,Elementary,9727945900,277,102,4000 Blue Ridge Rd.,Tolbert Elementary School,Point,-96.88791659,32.69912893,"32.69912893,-96.88791659"
Feature,Turner Elementary School,,clampToGround,"<a target=""_blank"" href=""http://www.dallasisd.org/turner"">http://www.dallasisd.org/turner</a>",Dallas,75232,Turner Elementary School,219,Elementary,9727946300,219,103,5505 S. Polk St.,Turner Elementary School,Point,-96.84239183,32.67845887,"32.67845887,-96.84239183"
Feature,Webster Elementary School,,clampToGround,"<a target=""_blank"" href=""http://www.dallasisd.org/webster"">http://www.dallasisd.org/webster</a>",Dallas,75233,Webster Elementary School,225,Elementary,9727946100,225,104,3815 S. Franklin St.,Webster Elementary School,Point,-96.86154342,32.69679684,"32.69679684,-96.86154342"
Feature,Bethune Elementary School,,clampToGround,"<a target=""_blank"" href=""http://www.dallasisd.org/bethune"">http://www.dallasisd.org/bethune</a>",Dallas,75211,Bethune Elementary School,274,Elementary,9725021300,274,105,1665 Duncanville Rd.,Bethune Elementary School,Point,-96.90978801,32.72659693,"32.72659693,-96.90978801"
Feature,Cochran Elementary School,,clampToGround,"<a target=""_blank"" href=""http://www.dallasisd.org/cochran"">http://www.dallasisd.org/cochran</a>",Dallas,75211,Cochran Elementary School,236,Elementary,9727944600,236,106,6000 Keeneland Pkwy.,Cochran Elementary School,Point,-96.92525846,32.7354898,"32.7354898,-96.92525846"
Feature,Jones Elementary School,,clampToGround,"<a target=""_blank"" href=""http://www.dallasisd.org/jones"">http://www.dallasisd.org/jones</a>",Dallas,75211,Jones Elementary School,164,Elementary,9727944700,164,107,3901 Meredith Ave.,Jones Elementary School,Point,-96.88483771,32.74292546,"32.74292546,-96.88483771"
Feature,Soto Jr. Elementary School,,clampToGround,"<a target=""_blank"" href=""http://www.dallasisd.org/soto"">http://www.dallasisd.org/soto</a>",Dallas,75211,Soto Jr. Elementary School,287,Elementary,9725025100,287,108,4510 West Jefferson Blvd.,Soto Jr. Elementary School,Point,-96.89444395,32.73588488,"32.73588488,-96.89444395"
Feature,Bryan Elementary School,,clampToGround,"<a target=""_blank"" href=""http://www.dallasisd.org/bryan"">http://www.dallasisd.org/bryan</a>",Dallas,75216,Bryan Elementary School,114,Elementary,9725028500,114,109,2001 Deer Path Dr.,Bryan Elementary School,Point,-96.79501278,32.71158609,"32.71158609,-96.79501278"
Feature,Budd Elementary School,,clampToGround,"<a target=""_blank"" href=""http://www.dallasisd.org/budd"">http://www.dallasisd.org/budd</a>",Dallas,75216,Budd Elementary School,115,Elementary,9725028400,115,110,2121 S. Marsalis Ave.,Budd Elementary School,Point,-96.81515171,32.72207099,"32.72207099,-96.81515171"
Feature,Bushman Elementary School,,clampToGround,"<a target=""_blank"" href=""http://www.dallasisd.org/bushman"">http://www.dallasisd.org/bushman</a>",Dallas,75216,Bushman Elementary School,118,Elementary,9727491800,118,111,4200 Bonnie View Rd.,Bushman Elementary School,Point,-96.77365119,32.70843349,"32.70843349,-96.77365119"
Feature,Dealey International Academy,,clampToGround,"<a target=""_blank"" href=""http://www.dallasisd.org/dealey"">http://www.dallasisd.org/dealey</a>",Dallas,75230,Dealey International Academy,134,Magnet,9727948400,134,112,6501 Royal Lane,Dealey International Academy,Point,-96.79177861,32.89576248,"32.89576248,-96.79177861"
Feature,Hillcrest High School,,clampToGround,"<a target=""_blank"" href=""http://www.dallasisd.org/hillcrest"">http://www.dallasisd.org/hillcrest</a>",Dallas,75230,Hillcrest High School,6,High,9725026800,6,113,9924 Hillcrest Rd.,Hillcrest High School,Point,-96.78463091,32.88315894,"32.88315894,-96.78463091"
Feature,Seagoville High School,,clampToGround,"<a target=""_blank"" href=""http://www.dallasisd.org/seagovillehs"">http://www.dallasisd.org/seagovillehs</a>",Dallas,75253,Seagoville High School,15,High,9728925900,15,114,15920 Seagoville Rd.,Seagoville High School,Point,-96.58346201,32.67756946,"32.67756946,-96.58346201"
Feature,New Tech High School,,clampToGround,"<a target=""_blank"" href=""http://www.dallasisd.org/newtech"">http://www.dallasisd.org/newtech</a>",Dallas,75216,New Tech High School,3,Magnet,2149327600,3,115,4730 S. Lancaster Rd.,New Tech High School,Point,-96.79104874,32.69143535,"32.69143535,-96.79104874"
Feature,Wilmer-Hutchins High School,,clampToGround,"<a target=""_blank"" href=""http://www.dallasisd.org/wilmerhutchinshs"">http://www.dallasisd.org/wilmerhutchinshs</a>",Dallas,75241,Wilmer-Hutchins High School,380,High,9729252900,380,116,5520 Langdon Rd.,Wilmer-Hutchins High School,Point,-96.72975362,32.6566006,"32.6566006,-96.72975362"
Feature,Carter High School,,clampToGround,"<a target=""_blank"" href=""http://www.dallasisd.org/carter"">http://www.dallasisd.org/carter</a>",Dallas,75232,Carter High School,23,High,2149325700,23,117,1819 W. Wheatland Rd.,Carter High School,Point,-96.84863069,32.64968531,"32.64968531,-96.84863069"
Feature,Gilliam Collegiate Academy,,clampToGround,"<a target=""_blank"" href=""http://www.dallasisd.org/gilliam"">http://www.dallasisd.org/gilliam</a>",Dallas,75241,Gilliam Collegiate Academy,85,Magnet,2149327300,85,118,1700 E. Camp Wisdom Rd.,Gilliam Collegiate Academy,Point,-96.79533796,32.66231368,"32.66231368,-96.79533796"
Feature,Madison High School,,clampToGround,"<a target=""_blank"" href=""http://www.dallasisd.org/madison"">http://www.dallasisd.org/madison</a>",Dallas,75215,Madison High School,32,High,9729252800,32,119,3000 Martin Luther King Blvd.,Madison High School,Point,-96.76486832,32.77129673,"32.77129673,-96.76486832"
Feature,North Dallas High School,,clampToGround,"<a target=""_blank"" href=""http://www.dallasisd.org/northdallas"">http://www.dallasisd.org/northdallas</a>",Dallas,75204,North Dallas High School,24,High,9729251500,24,121,3120 N. Haskell Ave.,North Dallas High School,Point,-96.7956876,32.80974719,"32.80974719,-96.7956876"
Feature,Wilson High School,,clampToGround,"<a target=""_blank"" href=""http://www.dallasisd.org/woodrow"">http://www.dallasisd.org/woodrow</a>",Dallas,75214,Wilson High School,22,High,9725024400,22,122,100 S. Glasgow Dr.,Wilson High School,Point,-96.75150693,32.80608672,"32.80608672,-96.75150693"
Feature,Lassiter Early College at El Centro,,clampToGround,"<a target=""_blank"" href=""http://www.dallasisd.org/lassiter"">http://www.dallasisd.org/lassiter</a>",Dallas,75202,Lassiter Early College at El Centro,90,Magnet,2148602356,90,123,701 Elm St.,Lassiter Early College at El Centro,Point,-96.80530449,32.77974789,"32.77974789,-96.80530449"
Feature,Travis Academy for Talented and Gifted,,clampToGround,"<a target=""_blank"" href=""http://www.dallasisd.org/travis"">http://www.dallasisd.org/travis</a>",Dallas,75204,Travis Academy for Talented and Gifted,217,Magnet,9727947500,217,124,3001 McKinney Ave.,Travis Academy for Talented and Gifted,Point,-96.80174905,32.80048572,"32.80048572,-96.80174905"
Feature,Angelou High School,,clampToGround,"<a target=""_blank"" href=""http://www.dallasisd.org/angelou"">http://www.dallasisd.org/angelou</a>",Dallas,75224,Angelou High School,30,Alternative,9727492263,30,126,3313 S. Beckley Ave.,Angelou High School,Point,-96.82458703,32.70453119,"32.70453119,-96.82458703"
Feature,Multiple Careers Magnet Center,,clampToGround,"<a target=""_blank"" href=""http://www.dallasisd.org/mcmc"">http://www.dallasisd.org/mcmc</a>",Dallas,75204,Multiple Careers Magnet Center,4,Alternative,9729252200,4,127,4528 Rusk Ave.,Multiple Careers Magnet Center,Point,-96.78453943,32.80756829,"32.80756829,-96.78453943"
Feature,Mata Montessori School,,clampToGround,"<a target=""_blank"" href=""http://www.dallasisd.org/mata"">http://www.dallasisd.org/mata</a>",Dallas,75214,Mata Montessori School,270,Choice,9727497500,270,128,7420 La Vista Dr.,Mata Montessori School,Point,-96.73160505,32.80636622,"32.80636622,-96.73160505"
Feature,Pinkston High School,,clampToGround,"<a target=""_blank"" href=""http://www.dallasisd.org/pinkston"">http://www.dallasisd.org/pinkston</a>",Dallas,75212,Pinkston High School,12,High,9725022700,12,129,2200 Dennison St.,Pinkston High School,Point,-96.85853132,32.78113256,"32.78113256,-96.85853132"
Feature,Adamson High School,,clampToGround,"<a target=""_blank"" href=""http://www.dallasisd.org/adamson"">http://www.dallasisd.org/adamson</a>",Dallas,75203,Adamson High School,2,High,9727491400,2,130,309 E. Ninth St.,Adamson High School,Point,-96.82050063,32.7484356,"32.7484356,-96.82050063"
Feature,Sunset High School,,clampToGround,"<a target=""_blank"" href=""http://www.dallasisd.org/sunset"">http://www.dallasisd.org/sunset</a>",Dallas,75208,Sunset High School,18,High,9725021500,18,131,2120 W. Jefferson Blvd.,Sunset High School,Point,-96.85444485,32.7461774,"32.7461774,-96.85444485"
Feature,Adams High School,,clampToGround,"<a target=""_blank"" href=""http://www.dallasisd.org/bryanadams"">http://www.dallasisd.org/bryanadams</a>",Dallas,75228,Adams High School,1,High,9725024900,1,132,2101 Millmar Dr.,Adams High School,Point,-96.68290398,32.82790847,"32.82790847,-96.68290398"
Feature,Stone Montessori Academy,,clampToGround,"<a target=""_blank"" href=""http://www.dallasisd.org/stone"">http://www.dallasisd.org/stone</a>",Dallas,75216,Stone Montessori Academy,212,Magnet,9727943400,212,133,4747 Veterans Dr.,Stone Montessori Academy,Point,-96.78308197,32.69321609,"32.69321609,-96.78308197"
Feature,Kimball High School,,clampToGround,"<a target=""_blank"" href=""http://www.dallasisd.org/kimball"">http://www.dallasisd.org/kimball</a>",Dallas,75233,Kimball High School,8,High,9725022100,8,134,3606 S. Westmoreland Rd.,Kimball High School,Point,-96.87640679,32.69824766,"32.69824766,-96.87640679"
Feature,Garza Early College at Mt. View,,clampToGround,"<a target=""_blank"" href=""http://www.dallasisd.org/garza"">http://www.dallasisd.org/garza</a>",Dallas,75211,Garza Early College at Mt. View,88,Magnet,2148603680,88,135,4849 W. Illinois Ave. Rm.W53A,Garza Early College at Mt. View,Point,-96.90462295,32.72545076,"32.72545076,-96.90462295"
Feature,Molina High School,,clampToGround,"<a target=""_blank"" href=""http://www.dallasisd.org/molina"">http://www.dallasisd.org/molina</a>",Dallas,75211,Molina High School,5,High,9725021000,5,136,2355 Duncanville Rd.,Molina High School,Point,-96.91037159,32.72270407,"32.72270407,-96.91037159"
Feature,Lincoln Humanities/Communications Magnet,,clampToGround,"<a target=""_blank"" href=""http://www.dallasisd.org/lincoln"">http://www.dallasisd.org/lincoln</a>",Dallas,75215,Lincoln Humanities/Communications Magnet,10,Magnet,9729257600,10,137,2826 Hatcher St.,Lincoln Humanities/Communications Magnet,Point,-96.74970641,32.75480844,"32.75480844,-96.74970641"
Feature,Skyline CDC High School,,clampToGround,"<a target=""_blank"" href=""http://www.dallasisd.org/skyline"">http://www.dallasisd.org/skyline</a>",Dallas,75227,Skyline CDC High School,840,Magnet,9725023400,840,138,7777 Forney Rd.,Skyline CDC High School,Point,-96.69055741,32.78051519,"32.78051519,-96.69055741"
Feature,Polk TAG Elementary School,,clampToGround,"<a target=""_blank"" href=""http://www.dallasisd.org/polk"">http://www.dallasisd.org/polk</a>",Dallas,75209,Polk TAG Elementary School,828,Magnet,9727948900,828,139,6911 Victoria Ave.,Polk TAG Elementary School,Point,-96.8316914,32.84226278,"32.84226278,-96.8316914"
Feature,Spence Talented/Gifted Academy,,clampToGround,"<a target=""_blank"" href=""http://www.dallasisd.org/spence"">http://www.dallasisd.org/spence</a>",Dallas,75204,Spence Talented/Gifted Academy,804,Magnet,9729252300,804,140,4001 Capitol Ave.,Spence Talented/Gifted Academy,Point,-96.78800801,32.80783113,"32.80783113,-96.78800801"
Feature,Lanier Expressive Arts Vanguard,,clampToGround,"<a target=""_blank"" href=""http://www.dallasisd.org/lanier"">http://www.dallasisd.org/lanier</a>",Dallas,75208,Lanier Expressive Arts Vanguard,827,Magnet,9727944400,827,141,1400 Walmsley Ave.,Lanier Expressive Arts Vanguard,Point,-96.84409998,32.76891875,"32.76891875,-96.84409998"
Feature,Greiner Exploratory Arts Academy,,clampToGround,"<a target=""_blank"" href=""http://www.dallasisd.org/greineracademy"">http://www.dallasisd.org/greineracademy</a>",Dallas,75208,Greiner Exploratory Arts Academy,805,Magnet,9729257100,805,142,501 S. Edgefield Ave.,Greiner Exploratory Arts Academy,Point,-96.84495553,32.74000956,"32.74000956,-96.84495553"
Feature,Rosemont Upper,,clampToGround,"<a target=""_blank"" href=""http://www.dallasisd.org/rosemont"">http://www.dallasisd.org/rosemont</a>",Dallas,75208,Rosemont Upper,359,Magnet,9727495000,359,143,719 N. Montclair Ave.,Rosemont Upper,Point,-96.84735659,32.75167634,"32.75167634,-96.84735659"
Feature,Atwell Law Academy,,clampToGround,"<a target=""_blank"" href=""http://www.dallasisd.org/atwellacademy"">http://www.dallasisd.org/atwellacademy</a>",Dallas,75232,Atwell Law Academy,803,Magnet,9727946400,803,144,1303 Reynoldston Lane,Atwell Law Academy,Point,-96.84176204,32.6777711,"32.6777711,-96.84176204"
Feature,Marsh Preparatory Academy Middle School,,clampToGround,"<a target=""_blank"" href=""http://www.dallasisd.org/marsh"">http://www.dallasisd.org/marsh</a>",Dallas,75244,Marsh Preparatory Academy Middle School,54,Middle,9725026600,54,146,3838 Crown Shore Dr.,Marsh Preparatory Academy Middle School,Point,-96.85010934,32.9113392,"32.9113392,-96.85010934"
Feature,Walker Middle School,,clampToGround,"<a target=""_blank"" href=""http://www.dallasisd.org/walker"">http://www.dallasisd.org/walker</a>",Dallas,75230,Walker Middle School,56,Middle,9725026100,56,147,12532 Nuestra Dr.,Walker Middle School,Point,-96.80989677,32.9193986,"32.9193986,-96.80989677"
Feature,Tasby Middle School,,clampToGround,"<a target=""_blank"" href=""http://www.dallasisd.org/tasby"">http://www.dallasisd.org/tasby</a>",Dallas,75231,Tasby Middle School,83,Middle,9725021900,83,148,7001 Fair Oaks Ave.,Tasby Middle School,Point,-96.75995138,32.87248989,"32.87248989,-96.75995138"
Feature,Young Men's Leadership Academy at Fred F. Florence Middle School,,clampToGround,"<a target=""_blank"" href=""http://www.dallasisd.org/florence"">http://www.dallasisd.org/florence</a>",Dallas,75217,Young Men's Leadership Academy at Fred F. Florence Middle School,46,Middle,9727496000,46,149,1625 N. Masters Dr.,Young Men's Leadership Academy at Fred F. Florence Middle School,Point,-96.64931153,32.74149555,"32.74149555,-96.64931153"
Feature,Piedmont Global Academy Middle School,,clampToGround,"<a target=""_blank"" href=""http://www.dallasisd.org/hood"">http://www.dallasisd.org/hood</a>",Dallas,75227,Piedmont Global Academy Middle School,52,Middle,9727494100,52,151,7625 Hume Dr.,Piedmont Global Academy Middle School,Point,-96.69114584,32.75846412,"32.75846412,-96.69114584"
Feature,Young Women's STEAM Academy at Balch Springs Middle School,,clampToGround,"<a target=""_blank"" href=""http://www.dallasisd.org/balchsprings"">http://www.dallasisd.org/balchsprings</a>",Balch Spr,75180,Young Women's STEAM Academy at Balch Springs Middle School,352,Middle,9728925800,352,152,710 Cheyenne Rd.,Young Women's STEAM Academy at Balch Springs Middle School,Point,-96.63838366,32.72564418,"32.72564418,-96.63838366"
Feature,Atwell Middle School,,clampToGround,"<a target=""_blank"" href=""http://www.dallasisd.org/atwellacademy"">http://www.dallasisd.org/atwellacademy</a>",Dallas,75232,Atwell Middle School,42,Middle,9727946400,42,153,1303 Reynoldston Lane,Atwell Middle School,Point,-96.84176204,32.6777711,"32.6777711,-96.84176204"
Feature,Spence Middle School,,clampToGround,"<a target=""_blank"" href=""http://www.dallasisd.org/spence"">http://www.dallasisd.org/spence</a>",Dallas,75204,Spence Middle School,58,Middle,9729252300,58,154,4001 Capitol Ave.,Spence Middle School,Point,-96.78800801,32.80783113,"32.80783113,-96.78800801"
Feature,Cedar Crest Elementary School,,clampToGround,"<a target=""_blank"" href=""http://www.dallasisd.org/cedarcrest"">http://www.dallasisd.org/cedarcrest</a>",Dallas,75203,Cedar Crest Elementary School,163,Elementary,9729257400,163,156,2020 Mouser St.,Cedar Crest Elementary School,Point,-96.79296252,32.73746286,"32.73746286,-96.79296252"
Feature,Holland at Lisbon Elementary School,,clampToGround,"<a target=""_blank"" href=""http://www.dallasisd.org/holland"">http://www.dallasisd.org/holland</a>",Dallas,75216,Holland at Lisbon Elementary School,178,Elementary,9727491900,178,157,4203 S. Lancaster Rd.,Holland at Lisbon Elementary School,Point,-96.79581218,32.69738104,"32.69738104,-96.79581218"
Feature,Miller Elementary School,,clampToGround,"<a target=""_blank"" href=""http://www.dallasisd.org/miller"">http://www.dallasisd.org/miller</a>",Dallas,75216,Miller Elementary School,185,Elementary,9725028700,185,158,3111 Bonnie View Rd.,Miller Elementary School,Point,-96.7802255,32.71868423,"32.71868423,-96.7802255"
Feature,Trinity Heights Gifted and Talented,,clampToGround,"<a target=""_blank"" href=""http://www.dallasisd.org/trinityheights"">http://www.dallasisd.org/trinityheights</a>",Dallas,75216,Trinity Heights Gifted and Talented,186,Magnet,9729257500,186,159,1515 Lynn Haven Ave.,Trinity Heights Gifted and Talented,Point,-96.80233277,32.73298688,"32.73298688,-96.80233277"
Feature,Oliver Elementary School,,clampToGround,"<a target=""_blank"" href=""http://www.dallasisd.org/oliver"">http://www.dallasisd.org/oliver</a>",Dallas,75216,Oliver Elementary School,189,Elementary,9727493400,189,160,4010 Idaho Ave.,Oliver Elementary School,Point,-96.81098957,32.69492882,"32.69492882,-96.81098957"
Feature,Pease Elementary School,,clampToGround,"<a target=""_blank"" href=""http://www.dallasisd.org/pease"">http://www.dallasisd.org/pease</a>",Dallas,75216,Pease Elementary School,191,Elementary,2149323800,191,161,2914 Cummings St.,Pease Elementary School,Point,-96.77264929,32.69800353,"32.69800353,-96.77264929"
Feature,Carpenter Elementary School,,clampToGround,"<a target=""_blank"" href=""http://www.dallasisd.org/carpenter"">http://www.dallasisd.org/carpenter</a>",Dallas,75224,Carpenter Elementary School,121,Elementary,9727946000,121,162,2121 Tosca Lane,Carpenter Elementary School,Point,-96.85302285,32.69574762,"32.69574762,-96.85302285"
Feature,Jordan Elementary School,,clampToGround,"<a target=""_blank"" href=""http://www.dallasisd.org/jordan"">http://www.dallasisd.org/jordan</a>",Dallas,75224,Jordan Elementary School,133,Elementary,9729258100,133,163,1111 W. Kiest Blvd.,Jordan Elementary School,Point,-96.84168046,32.70655163,"32.70655163,-96.84168046"
Feature,Russell Elementary School,,clampToGround,"<a target=""_blank"" href=""http://www.dallasisd.org/russell"">http://www.dallasisd.org/russell</a>",Dallas,75224,Russell Elementary School,205,Elementary,9729258300,205,164,3031 S. Beckley Ave.,Russell Elementary School,Point,-96.82388751,32.70858807,"32.70858807,-96.82388751"
Feature,Nathan Adams Elementary School,,clampToGround,"<a target=""_blank"" href=""http://www.dallasisd.org/nathanadams"">http://www.dallasisd.org/nathanadams</a>",Dallas,75244,Nathan Adams Elementary School,233,Elementary,9727942600,233,165,12600 Welch Rd.,Nathan Adams Elementary School,Point,-96.82827053,32.92152013,"32.92152013,-96.82827053"
Feature,Caillet Elementary School,,clampToGround,"<a target=""_blank"" href=""http://www.dallasisd.org/caillet"">http://www.dallasisd.org/caillet</a>",Dallas,75229,Caillet Elementary School,120,Elementary,9727943200,120,166,3033 Merrell Rd.,Caillet Elementary School,Point,-96.87453042,32.88873362,"32.88873362,-96.87453042"
Feature,DeGolyer Elementary School,,clampToGround,"<a target=""_blank"" href=""http://www.dallasisd.org/degolyer"">http://www.dallasisd.org/degolyer</a>",Dallas,75229,DeGolyer Elementary School,135,Elementary,9727942800,135,167,3453 Flair Dr.,DeGolyer Elementary School,Point,-96.86146443,32.90419605,"32.90419605,-96.86146443"
Feature,Gooch Elementary School,,clampToGround,"<a target=""_blank"" href=""http://www.dallasisd.org/gooch"">http://www.dallasisd.org/gooch</a>",Dallas,75244,Gooch Elementary School,148,Elementary,9727942500,148,168,4030 Calculus Rd.,Gooch Elementary School,Point,-96.84455913,32.91696386,"32.91696386,-96.84455913"
Feature,Marcus Elementary School,,clampToGround,"<a target=""_blank"" href=""http://www.dallasisd.org/marcus"">http://www.dallasisd.org/marcus</a>",Dallas,75229,Marcus Elementary School,182,Elementary,9727942900,182,169,2911 Northaven,Marcus Elementary School,Point,-96.88003063,32.90463323,"32.90463323,-96.88003063"
Feature,Walnut Hill Elementary School,,clampToGround,"<a target=""_blank"" href=""http://www.dallasisd.org/walnuthill"">http://www.dallasisd.org/walnuthill</a>",Dallas,75229,Walnut Hill Elementary School,224,Elementary,9725027800,224,171,10115 Midway Rd.,Walnut Hill Elementary School,Point,-96.83958468,32.88287714,"32.88287714,-96.83958468"
Feature,Withers Elementary School,,clampToGround,"<a target=""_blank"" href=""http://www.dallasisd.org/withers"">http://www.dallasisd.org/withers</a>",Dallas,75229,Withers Elementary School,230,Elementary,9727945000,230,172,3959 Northaven Rd.,Withers Elementary School,Point,-96.84591522,32.90325163,"32.90325163,-96.84591522"
Feature,Preston Hollow Elementary School,,clampToGround,"<a target=""_blank"" href=""http://www.dallasisd.org/prestonhollow"">http://www.dallasisd.org/prestonhollow</a>",Dallas,75230,Preston Hollow Elementary School,195,Elementary,9727948500,195,173,6423 Walnut Hill Lane,Preston Hollow Elementary School,Point,-96.79561593,32.88066258,"32.88066258,-96.79561593"
Feature,Williams TAG Academy,,clampToGround,"<a target=""_blank"" href=""http://www.dallasisd.org/williams"">http://www.dallasisd.org/williams</a>",Dallas,75209,Williams TAG Academy,384,Magnet,9727948700,384,174,4518 Pomona Rd.,Williams TAG Academy,Point,-96.83123093,32.85496328,"32.85496328,-96.83123093"
Feature,McShan Jr. Elementary School,,clampToGround,"<a target=""_blank"" href=""http://www.dallasisd.org/mcshan"">http://www.dallasisd.org/mcshan</a>",Dallas,75231,McShan Jr. Elementary School,286,Elementary,9725023800,286,176,8307 Meadow Rd.,McShan Jr. Elementary School,Point,-96.76099351,32.88837882,"32.88837882,-96.76099351"
Feature,Stone Elementary School at Vickery Meadow,,clampToGround,"<a target=""_blank"" href=""http://www.dallasisd.org/jillstone"">http://www.dallasisd.org/jillstone</a>",Dallas,75231,Stone Elementary School at Vickery Meadow,141,Elementary,9725027900,141,177,6606 Ridgecrest Rd.,Stone Elementary School at Vickery Meadow,Point,-96.7495008,32.86550099,"32.86550099,-96.7495008"
Feature,John Q. Adams Elementary School,,clampToGround,"<a target=""_blank"" href=""http://www.dallasisd.org/jqadams"">http://www.dallasisd.org/jqadams</a>",Dallas,75217,John Q. Adams Elementary School,101,Elementary,9727941200,101,178,8239 Lake June Rd.,John Q. Adams Elementary School,Point,-96.67979186,32.73511966,"32.73511966,-96.67979186"
Feature,Anderson Elementary School,,clampToGround,"<a target=""_blank"" href=""http://www.dallasisd.org/anderson"">http://www.dallasisd.org/anderson</a>",Dallas,75217,Anderson Elementary School,104,Elementary,9727496200,104,179,620 N. St. Augustine Dr.,Anderson Elementary School,Point,-96.65560043,32.72229808,"32.72229808,-96.65560043"
Feature,Blanton Elementary School,,clampToGround,"<a target=""_blank"" href=""http://www.dallasisd.org/blanton"">http://www.dallasisd.org/blanton</a>",Dallas,75227,Blanton Elementary School,110,Elementary,9727941700,110,180,8915 Greenmound Ave.,Blanton Elementary School,Point,-96.66869838,32.75192606,"32.75192606,-96.66869838"
Feature,Cuellar Sr. Elementary School,,clampToGround,"<a target=""_blank"" href=""http://www.dallasisd.org/cuellar"">http://www.dallasisd.org/cuellar</a>",Dallas,75217,Cuellar Sr. Elementary School,276,Elementary,9727496400,276,181,337 Pleasant Vista Dr.,Cuellar Sr. Elementary School,Point,-96.64314116,32.71705381,"32.71705381,-96.64314116"
Feature,Dorsey Elementary School,,clampToGround,"<a target=""_blank"" href=""http://www.dallasisd.org/dorsey"">http://www.dallasisd.org/dorsey</a>",Dallas,75217,Dorsey Elementary School,137,Elementary,9727496300,137,182,133 N. St. Augustine,Dorsey Elementary School,Point,-96.65819304,32.7130297,"32.7130297,-96.65819304"
Feature,Hawthorne Elementary School,,clampToGround,"<a target=""_blank"" href=""http://www.dallasisd.org/hawthorne"">http://www.dallasisd.org/hawthorne</a>",Dallas,75217,Hawthorne Elementary School,156,Elementary,9727494700,156,183,7800 Umphress Rd.,Hawthorne Elementary School,Point,-96.68880813,32.74213132,"32.74213132,-96.68880813"
Feature,Lagow Elementary School,,clampToGround,"<a target=""_blank"" href=""http://www.dallasisd.org/lagow"">http://www.dallasisd.org/lagow</a>",Dallas,75217,Lagow Elementary School,170,Elementary,9727496600,170,184,637 Edgeworth Dr.,Lagow Elementary School,Point,-96.63673356,32.70243822,"32.70243822,-96.63673356"
Feature,School for the Talented and Gifted in Pleasant Grove,,clampToGround,"<a target=""_blank"" href=""http://www.dallasisd.org/pleasantgrovetag"">http://www.dallasisd.org/pleasantgrovetag</a>",Dallas,75217,School for the Talented and Gifted in Pleasant Grove,363,Magnet,9729253335,363,186,9610 Bruton Rd,School for the Talented and Gifted in Pleasant Grove,Point,-96.65610853,32.74796093,"32.74796093,-96.65610853"
Feature,Runyon Elementary School,,clampToGround,"<a target=""_blank"" href=""http://www.dallasisd.org/runyon"">http://www.dallasisd.org/runyon</a>",Dallas,75217,Runyon Elementary School,237,Elementary,9727496100,237,187,10750 Cradlerock Dr.,Runyon Elementary School,Point,-96.64104815,32.74042736,"32.74042736,-96.64104815"
Feature,Gonzalez Personalized Learning Academy,,clampToGround,"<a target=""_blank"" href=""http://www.dallasisd.org/gonzalez"">http://www.dallasisd.org/gonzalez</a>",Dallas,75217,Gonzalez Personalized Learning Academy,234,Elementary,9725023300,234,188,6610 Lake June Rd.,Gonzalez Personalized Learning Academy,Point,-96.70777752,32.7339783,"32.7339783,-96.70777752"
Feature,Ireland Elementary School,,clampToGround,"<a target=""_blank"" href=""http://www.dallasisd.org/ireland"">http://www.dallasisd.org/ireland</a>",Dallas,75217,Ireland Elementary School,161,Elementary,9727494900,161,189,1515 N. Jim Miller Rd.,Ireland Elementary School,Point,-96.70140615,32.73957141,"32.73957141,-96.70140615"
Feature,Urban Park Elementary School,,clampToGround,"<a target=""_blank"" href=""http://www.dallasisd.org/urbanpark"">http://www.dallasisd.org/urbanpark</a>",Dallas,75227,Urban Park Elementary School,222,Elementary,9727941100,222,191,6901 Military Pkwy.,Urban Park Elementary School,Point,-96.70166072,32.77392094,"32.77392094,-96.70166072"
Feature,Richardson Elementary School,,clampToGround,"<a target=""_blank"" href=""http://www.dallasisd.org/richardson"">http://www.dallasisd.org/richardson</a>",Dallas,75217,Richardson Elementary School,303,Elementary,9728928100,303,192,7203 Bruton Rd.,Richardson Elementary School,Point,-96.69403999,32.75041458,"32.75041458,-96.69403999"
Feature,Chapel Hill Elementary School,,clampToGround,"<a target=""_blank"" href=""http://www.dallasisd.org/chapelhill"">http://www.dallasisd.org/chapelhill</a>",Dallas,75234,Chapel Hill Elementary School,119,Elementary,9727942400,119,193,12701 Templeton Trail,Chapel Hill Elementary School,Point,-96.86580161,32.91805966,"32.91805966,-96.86580161"
Feature,Junkins Elementary School,,clampToGround,"<a target=""_blank"" href=""http://www.dallasisd.org/junkins"">http://www.dallasisd.org/junkins</a>",Carrollton,75006,Junkins Elementary School,279,Elementary,9725022400,279,194,2808 Running Duke Dr.,Junkins Elementary School,Point,-96.85632324,32.97379278,"32.97379278,-96.85632324"
Feature,Smith Elementary School,,clampToGround,"<a target=""_blank"" href=""http://www.dallasisd.org/lgsmith"">http://www.dallasisd.org/lgsmith</a>",Mesquite,75150,Smith Elementary School,154,Elementary,9725024800,154,196,5229 Gus Thomasson Rd.,Smith Elementary School,Point,-96.65884227,32.83281842,"32.83281842,-96.65884227"
Feature,Central Elementary School,,clampToGround,"<a target=""_blank"" href=""http://www.dallasisd.org/central"">http://www.dallasisd.org/central</a>",Seagoville,75159,Central Elementary School,126,Elementary,9727496800,126,197,902 Shady Lane,Central Elementary School,Point,-96.537631,32.65820551,"32.65820551,-96.537631"
Feature,Seagoville Elementary School,,clampToGround,"<a target=""_blank"" href=""http://www.dallasisd.org/seagovillees"">http://www.dallasisd.org/seagovillees</a>",Seagoville,75159,Seagoville Elementary School,208,Elementary,9728927900,208,198,304 N. Kaufman St.,Seagoville Elementary School,Point,-96.54014513,32.64083116,"32.64083116,-96.54014513"
Feature,Seagoville North Elementary,,clampToGround,"<a target=""_blank"" href=""http://www.dallasisd.org/seagovillenorth"">http://www.dallasisd.org/seagovillenorth</a>",Seagoville,75159,Seagoville North Elementary,244,Elementary,9728925300,244,199,1906 Seagoville Rd.,Seagoville North Elementary,Point,-96.55655301,32.66376157,"32.66376157,-96.55655301"
Feature,Wilmer Early Childhood Center,,clampToGround,"<a target=""_blank"" href=""http://www.dallasisd.org/wilmerec"">http://www.dallasisd.org/wilmerec</a>",Wilmer,75172,Wilmer Early Childhood Center,301,Magnet,9729252600,301,200,211 Walnut St.,Wilmer Early Childhood Center,Point,-96.68750363,32.59302874,"32.59302874,-96.68750363"
Feature,Lanier Elementary School,,clampToGround,"<a target=""_blank"" href=""http://www.dallasisd.org/lanier"">http://www.dallasisd.org/lanier</a>",Dallas,75208,Lanier Elementary School,173,Elementary,9727944400,173,201,1400 Walmsley Ave.,Lanier Elementary School,Point,-96.84409998,32.76891875,"32.76891875,-96.84409998"
Feature,Polk Elementary School,,clampToGround,"<a target=""_blank"" href=""http://www.dallasisd.org/polk"">http://www.dallasisd.org/polk</a>",Dallas,75209,Polk Elementary School,194,Elementary,9727948900,194,202,6911 Victoria Ave.,Polk Elementary School,Point,-96.8316914,32.84226278,"32.84226278,-96.8316914"
Feature,Twain School for the Talented and Gifted,,clampToGround,"<a target=""_blank"" href=""http://www.dallasisd.org/twain"">http://www.dallasisd.org/twain</a>",Dallas,75232,Twain School for the Talented and Gifted,220,Magnet,9727493000,220,203,724 Green Cove Lane,Twain School for the Talented and Gifted,Point,-96.83340836,32.68397888,"32.68397888,-96.83340836"
Feature,May Elementary School,,clampToGround,Http://www.dallasisd.org/joemay,Dallas,75220,May Elementary School,107,Elementary,9729253700,107,204,9818 Brockbank Dr.,May Elementary School,Point,-96.87502751,32.87169637,"32.87169637,-96.87502751"
Feature,Roosevelt High School,,clampToGround,"<a target=""_blank"" href=""http://www.dallasisd.org/roosevelt"">http://www.dallasisd.org/roosevelt</a>",Dallas,75203,Roosevelt High School,13,High,9729256800,13,205,525 Bonnie View Rd.,Roosevelt High School,Point,-96.79672333,32.74229403,"32.74229403,-96.79672333"
Feature,South Oak Cliff High School,,clampToGround,"<a target=""_blank"" href=""http://www.dallasisd.org/soc"">http://www.dallasisd.org/soc</a>",Dallas,75216,South Oak Cliff High School,16,High,2149327000,16,206,3601 S. Marsalis Ave.,South Oak Cliff High School,Point,-96.81624967,32.69956371,"32.69956371,-96.81624967"
Feature,Manns Elementary DAEP,,clampToGround,"<a target=""_blank"" href=""http://www.dallasisd.org/daep"">http://www.dallasisd.org/daep</a>",Dallas,75224,Manns Elementary DAEP,241,Alternative,9728928000,241,207,3313 S. Beckley Ave.,Manns Elementary DAEP,Point,-96.82458703,32.70453119,"32.70453119,-96.82458703"
Feature,Manns Middle School for DAEP,,clampToGround,"<a target=""_blank"" href=""http://www.dallasisd.org/lacey"">http://www.dallasisd.org/lacey</a>",Dallas,75224,Manns Middle School for DAEP,11,Alternative,9729257060,11,208,3313 S. Beckley Ave.,Manns Middle School for DAEP,Point,-96.82458703,32.70453119,"32.70453119,-96.82458703"
Feature,Manns High School for DAEP,,clampToGround,"<a target=""_blank"" href=""http://www.dallasisd.org/scgc"">http://www.dallasisd.org/scgc</a>",Dallas,75224,Manns High School for DAEP,29,Alternative,9729257000,29,209,3313 S. Beckley Ave.,Manns High School for DAEP,Point,-96.82458703,32.70453119,"32.70453119,-96.82458703"
Feature,Ewell Townview Center,,clampToGround,,Dallas,75203,Ewell Townview Center,41,Magnet,9729255900,41,210,1201 E. Eighth St.,Ewell Townview Center,Point,-96.80717839,32.75256366,"32.75256366,-96.80717839"
Feature,Jefferson High School,,clampToGround,"<a target=""_blank"" href=""http://www.dallasisd.org/tjefferson"">http://www.dallasisd.org/tjefferson</a>",Dallas,75229,Jefferson High School,7,High,9725027300,7,211,4001 Walnut Hill Lane,Jefferson High School,Point,-96.84495782,32.88191193,"32.88191193,-96.84495782"
Feature,White High School,,clampToGround,"<a target=""_blank"" href=""http://www.dallasisd.org/wtwhite"">http://www.dallasisd.org/wtwhite</a>",Dallas,75244,White High School,21,High,9725026200,21,212,4505 Ridgeside Dr.,White High School,Point,-96.8316777,32.91686361,"32.91686361,-96.8316777"
Feature,Longfellow Career Exploration Academy,,clampToGround,"<a target=""_blank"" href=""http://www.dallasisd.org/longfellow"">http://www.dallasisd.org/longfellow</a>",Dallas,75209,Longfellow Career Exploration Academy,73,Magnet,9727495400,73,213,5314 Boaz St.,Longfellow Career Exploration Academy,Point,-96.82019607,32.84829865,"32.84829865,-96.82019607"
Feature,Conrad High School,,clampToGround,"<a target=""_blank"" href=""http://www.dallasisd.org/conrad"">http://www.dallasisd.org/conrad</a>",Dallas,75231,Conrad High School,28,High,9725022300,28,214,7502 Fair Oaks Ave.,Conrad High School,Point,-96.75191211,32.87638836,"32.87638836,-96.75191211"
Feature,Samuell High School,,clampToGround,"<a target=""_blank"" href=""http://www.dallasisd.org/samuell"">http://www.dallasisd.org/samuell</a>",Dallas,75217,Samuell High School,14,High,9728925100,14,215,8928 Palisade Dr.,Samuell High School,Point,-96.66766791,32.74532497,"32.74532497,-96.66766791"
Feature,Spruce High School,,clampToGround,"<a target=""_blank"" href=""http://www.dallasisd.org/spruce"">http://www.dallasisd.org/spruce</a>",Dallas,75217,Spruce High School,17,High,9728925500,17,216,9733 Old Seagoville Rd.,Spruce High School,Point,-96.6538594,32.71051029,"32.71051029,-96.6538594"
Feature,IDEA at Fannin PLC High School,,clampToGround,"<a target=""_blank"" href=""http://www.dallasisd.org/idea"">http://www.dallasisd.org/idea</a>",Dallas,75204,IDEA at Fannin PLC High School,382,Choice,9727946800,382,217,4800 Ross Ave.,IDEA at Fannin PLC High School,Point,-96.77609717,32.80540266,"32.80540266,-96.77609717"
Feature,Harllee EC Center,,clampToGround,"<a target=""_blank"" href=""http://www.dallasisd.org/harllee"">http://www.dallasisd.org/harllee</a>",Dallas,75203,Harllee EC Center,285,Magnet,9729256500,285,218,1216 E. Eighth St.,Harllee EC Center,Point,-96.80587824,32.75043577,"32.75043577,-96.80587824"
Feature,Hulcy STEAM Middle School,,clampToGround,"<a target=""_blank"" href=""http://www.dallasisd.org/steam"">http://www.dallasisd.org/steam</a>",Dallas,75232,Hulcy STEAM Middle School,360,Choice,2149327400,360,219,9338 S. Polk St.,Hulcy STEAM Middle School,Point,-96.84705934,32.63858367,"32.63858367,-96.84705934"
Feature,Lincoln High School,,clampToGround,"<a target=""_blank"" href=""http://www.dallasisd.org/lincoln"">http://www.dallasisd.org/lincoln</a>",Dallas,75215,Lincoln High School,9,High,9729257600,9,221,2826 Hatcher St.,Lincoln High School,Point,-96.74970641,32.75480844,"32.75480844,-96.74970641"
Feature,Solar Preparatory STEAM School for Girls,,clampToGround,"<a target=""_blank"" href=""http://www.dallasisd.org/solarprep"">http://www.dallasisd.org/solarprep</a>",Dallas,75206,Solar Preparatory STEAM School for Girls,306,Choice,9727494300,306,222,2617 N. Henderson Ave.,Solar Preparatory STEAM School for Girls,Point,-96.78132652,32.81677383,"32.81677383,-96.78132652"
Feature,Holmes Humanities/Communications Academy,,clampToGround,"<a target=""_blank"" href=""http://www.dallasisd.org/owholmes"">http://www.dallasisd.org/owholmes</a>",Dallas,75216,Holmes Humanities/Communications Academy,802,Magnet,9729258500,802,223,2001 E. Kiest Blvd.,Holmes Humanities/Communications Academy,Point,-96.79097588,32.716302,"32.716302,-96.79097588"
Feature,"Starks Math, Science, and Technology Vanguard Elementary School",,clampToGround,"<a target=""_blank"" href=""http://www.dallasisd.org/starks"">http://www.dallasisd.org/starks</a>",Dallas,75216,"Starks Math, Science, and Technology Vanguard Elementary School",830,Magnet,9725028800,830,224,3033 Tips Blvd.,"Starks Math, Science, and Technology Vanguard Elementary School",Point,-96.77410576,32.72177204,"32.72177204,-96.77410576"
Feature,School of Science and Engineering,,clampToGround,"<a target=""_blank"" href=""http://www.dallasisd.org/semagnet"">http://www.dallasisd.org/semagnet</a>",Dallas,75203,School of Science and Engineering,26,Magnet,9729255900,26,226,1201 E. Eighth St.,School of Science and Engineering,Point,-96.80717839,32.75256366,"32.75256366,-96.80717839"
Feature,School of Business and Management,,clampToGround,"<a target=""_blank"" href=""http://www.dallasisd.org/businessmagnet"">http://www.dallasisd.org/businessmagnet</a>",Dallas,75203,School of Business and Management,33,Magnet,9729255900,33,227,1201 E. Eighth St.,School of Business and Management,Point,-96.80717839,32.75256366,"32.75256366,-96.80717839"
Feature,School of Health Professions,,clampToGround,"<a target=""_blank"" href=""http://www.dallasisd.org/healthmagnet"">http://www.dallasisd.org/healthmagnet</a>",Dallas,75203,School of Health Professions,36,Magnet,9729255900,36,228,1201 E. Eighth St.,School of Health Professions,Point,-96.80717839,32.75256366,"32.75256366,-96.80717839"
Feature,Rosie M. Collins Sorrells School of Education and Socal Services,,clampToGround,"<a target=""_blank"" href=""http://www.dallasisd.org/essm"">http://www.dallasisd.org/essm</a>",Dallas,75203,Rosie M. Collins Sorrells School of Education and Socal Services,37,Magnet,9729255900,37,229,1201 E. Eighth St.,Rosie M. Collins Sorrells School of Education and Socal Services,Point,-96.80717839,32.75256366,"32.75256366,-96.80717839"
Feature,School for the Talented and Gifted,,clampToGround,"<a target=""_blank"" href=""http://www.dallasisd.org/tagmagnet"">http://www.dallasisd.org/tagmagnet</a>",Dallas,75203,School for the Talented and Gifted,39,Magnet,9729255900,39,231,1201 E. Eighth St.,School for the Talented and Gifted,Point,-96.80717839,32.75256366,"32.75256366,-96.80717839"
Feature,Sanger Preparatory School,,clampToGround,"<a target=""_blank"" href=""http://www.dallasisd.org/sanger"">http://www.dallasisd.org/sanger</a>",Dallas,75218,Sanger Preparatory School,206,Elementary,9727497600,206,232,8410 San Leandro Dr.,Sanger Preparatory School,Point,-96.70943956,32.81346555,"32.81346555,-96.70943956"
Feature,Starks Elementary School,,clampToGround,"<a target=""_blank"" href=""http://www.dallasisd.org/starks"">http://www.dallasisd.org/starks</a>",Dallas,75216,Starks Elementary School,263,Elementary,9725028800,263,233,3033 Tips Blvd.,Starks Elementary School,Point,-96.77410576,32.72177204,"32.72177204,-96.77410576"
Feature,Holmes Middle School,,clampToGround,"<a target=""_blank"" href=""http://www.dallasisd.org/owholmes"">http://www.dallasisd.org/owholmes</a>",Dallas,75216,Holmes Middle School,51,Middle,9729258500,51,234,2001 E. Kiest Blvd.,Holmes Middle School,Point,-96.79097588,32.716302,"32.716302,-96.79097588"
Feature,CityLab High School,,clampToGround,"<a target=""_blank"" href=""http://www.dallasisd.org/citylabhs"">http://www.dallasisd.org/citylabhs</a>",Dallas,75201,CityLab High School,383,Choice,9727492702,383,235,912 S. Ervay St.,CityLab High School,Point,-96.79341673,32.77517863,"32.77517863,-96.79341673"
Feature,Pleasant Grove Elementary School,,clampToGround,"<a target=""_blank"" href=""http://www.dallasisd.org/pleasantgrove"">http://www.dallasisd.org/pleasantgrove</a>",Dallas,75217,Pleasant Grove Elementary School,273,Elementary,9728925000,273,236,1614 N. St. Augustine Rd.,Pleasant Grove Elementary School,Point,-96.65567036,32.73846838,"32.73846838,-96.65567036"
Feature,Arlington Park Early Childhood Center,,clampToGround,"<a target=""_blank"" href=""http://www.dallasisd.org/arlingtonparkec"">http://www.dallasisd.org/arlingtonparkec</a>",Dallas,75235,Arlington Park Early Childhood Center,300,Magnet,,300,237,5606 Wayside Dr.,Arlington Park Early Childhood Center,Point,-96.85253092,32.81528637,"32.81528637,-96.85253092"
Feature,North Lake Collegiate Academy,,clampToGround,"<a target=""_blank"" href=""https://www.dallasisd.org/northlakecollegiate"">https://www.dallasisd.org/northlakecollegiate</a>",Irving,75060,North Lake Collegiate Academy,387,Magnet,9729255481,387,238,1081 W. Shady Grove Rd.,North Lake Collegiate Academy,Point,-96.95789466,32.80204889,"32.80204889,-96.95789466"
Feature,Career Institutes South,,clampToGround,,Dallas,75224,Career Institutes South,0,Alternative,,0,239,4949 Village Fair Dr.,Career Institutes South,Point,-96.82608615,32.69238091,"32.69238091,-96.82608615"
Feature,Franklin International Exploratory Academy Middle School,,clampToGround,"<a target=""_blank"" href=""http://www.dallasisd.org/franklin"">http://www.dallasisd.org/franklin</a>",Dallas,75230,Franklin International Exploratory Academy Middle School,47,Middle,9725027100,47,0,6920 Meadow Rd.,Franklin International Exploratory Academy Middle School,Point,-96.7845517,32.88554532,"32.88554532,-96.7845517"
Feature,Mockingbird Elementary School,,clampToGround,"<a target=""_blank"" href=""http://www.dallasisd.org/mockingbird"">http://www.dallasisd.org/mockingbird</a>",Dallas,75206,Mockingbird Elementary School,162,Elementary,9727497200,162,45,5828 E. Mockingbird Lane,Mockingbird Elementary School,Point,-96.76734787,32.83562888,"32.83562888,-96.76734787"
Feature,Ignite Middle School,,clampToGround,"<a target=""_blank"" href=""http://www.dallasisd.org/jwray"">http://www.dallasisd.org/jwray</a>",Dallas,75204,Ignite Middle School,362,Choice,9727947700,362,50,2211 Caddo St.,Ignite Middle School,Point,-96.78933521,32.80152867,"32.80152867,-96.78933521"
Feature,Solar Prepratory School for Boys,,clampToGround,"<a target=""_blank"" href=""http://www.dallasisd.org/kennedy"">http://www.dallasisd.org/kennedy</a>",Dallas,75206,Solar Prepratory School for Boys,386,Choice,9727947100,386,55,1802 Moser Ave.,Solar Prepratory School for Boys,Point,-96.77447445,32.81010333,"32.81010333,-96.77447445"
Feature,Salazar Elementary School,,clampToGround,"<a target=""_blank"" href=""http://www.dallasisd.org/salazar"">http://www.dallasisd.org/salazar</a>",Dallas,75211,Salazar Elementary School,239,Elementary,9725021800,239,85,1120 S. Ravinia Dr.,Salazar Elementary School,Point,-96.86803322,32.73281128,"32.73281128,-96.86803322"
Feature,Reinhardt Elementary School,,clampToGround,"<a target=""_blank"" href=""http://www.dallasisd.org/reinhardt"">http://www.dallasisd.org/reinhardt</a>",Dallas,75218,Reinhardt Elementary School,199,Elementary,9727497900,199,95,10122 Losa Dr.,Reinhardt Elementary School,Point,-96.69220365,32.83701897,"32.83701897,-96.69220365"
Feature,Rangel Young Women's Leadership School,,clampToGround,"<a target=""_blank"" href=""http://www.dallasisd.org/rangel"">http://www.dallasisd.org/rangel</a>",Dallas,75210,Rangel Young Women's Leadership School,35,Magnet,9727495200,35,120,1718 R.B. Cullum Blvd.,Rangel Young Women's Leadership School,Point,-96.76028979,32.77399204,"32.77399204,-96.76028979"
Feature,Washington High School for the Performing and Visual Arts,,clampToGround,"<a target=""_blank"" href=""http://www.dallasisd.org/bookert"">http://www.dallasisd.org/bookert</a>",Dallas,75201,Washington High School for the Performing and Visual Arts,34,Magnet,9729251200,34,125,2501 Flora St.,Washington High School for the Performing and Visual Arts,Point,-96.79701221,32.79166539,"32.79166539,-96.79701221"
Feature,Storey Middle School,,clampToGround,"<a target=""_blank"" href=""http://www.dallasisd.org/storey"">http://www.dallasisd.org/storey</a>",Dallas,75216,Storey Middle School,60,Middle,9729258700,60,145,3000 Maryland Ave.,Storey Middle School,Point,-96.81209166,32.70856174,"32.70856174,-96.81209166"
Feature,Comstock Middle School,,clampToGround,"<a target=""_blank"" href=""http://www.dallasisd.org/comstock"">http://www.dallasisd.org/comstock</a>",Dallas,75217,Comstock Middle School,45,Middle,9727941300,45,150,7044 Hodde St.,Comstock Middle School,Point,-96.70212858,32.72105621,"32.72105621,-96.70212858"
Feature,Greiner Middle School,,clampToGround,"<a target=""_blank"" href=""http://www.dallasisd.org/greineracademy"">http://www.dallasisd.org/greineracademy</a>",Dallas,75208,Greiner Middle School,49,Middle,9729257100,49,155,501 S. Edgefield Ave.,Greiner Middle School,Point,-96.84495553,32.74000956,"32.74000956,-96.84495553"
Feature,Pershing Elementary School,,clampToGround,"<a target=""_blank"" href=""http://www.dallasisd.org/pershing"">http://www.dallasisd.org/pershing</a>",Dallas,75229,Pershing Elementary School,193,Elementary,9727948600,193,170,5715 Meaders Lane,Pershing Elementary School,Point,-96.80985595,32.88760237,"32.88760237,-96.80985595"
Feature,Lowe Sr. Elementary School,,clampToGround,"<a target=""_blank"" href=""http://www.dallasisd.org/lowe"">http://www.dallasisd.org/lowe</a>",Dallas,75231,Lowe Sr. Elementary School,176,Elementary,9725021700,176,175,7000 Holly Hill Dr.,Lowe Sr. Elementary School,Point,-96.76071148,32.87312279,"32.87312279,-96.76071148"
Feature,Macon Elementary School,,clampToGround,"<a target=""_blank"" href=""http://www.dallasisd.org/macon"">http://www.dallasisd.org/macon</a>",Dallas,75217,Macon Elementary School,180,Elementary,9727941500,180,185,650 Holcomb Rd.,Macon Elementary School,Point,-96.67356429,32.72252425,"32.72252425,-96.67356429"
Feature,Downtown Montessori at Ida B. Wells Academy,,clampToGround,"<a target=""_blank"" href=""http://www.dallasisd.org/downtownmontessori"">http://www.dallasisd.org/downtownmontessori</a>",Dallas,75201,Downtown Montessori at Ida B. Wells Academy,361,Choice,9727492500,361,241,1901 Main St.,Downtown Montessori at Ida B. Wells Academy,Point,-96.79550279,32.7817712,"32.7817712,-96.79550279"
