Date/Time,Year,Month,Day,Hour,Monitored Line,Contingency Name,Direction,N-X,Outage Line,Outage From Bus,Outage To Bus,Start Bus ID,End Bus ID,abs(LCDF)
10/8/2020 12:00:00 AM,2020,10,8,1,6017__A,DCPSJON5,F,N-2,EL_TE_91_A,TELPHN91T2_8,S_HOUS91TP_8,43322,48098,0.5055
10/8/2020 12:00:00 AM,2020,10,8,1,651__B,DCPSST58,F,N-2,12T219_1,L_NARUNA8_1Y,L_LAMPAS8_1Y,7063,7064,0.0622
10/8/2020 12:00:00 AM,2020,10,8,1,122T122_1,SCOMCYP8,F,N-1,MONTEL_UVALDE1_1,MONTELL2A,UVALDE2A,8230,8231,0.1466
10/8/2020 12:00:00 AM,2020,10,8,1,6500__B,DODEMOS5,F,N-3,6511__D,MIDESSA_8,TRLINCTN_T8,1059,11137,0.1602
10/8/2020 12:00:00 AM,2020,10,8,1,BERGHE_AT1H,DZORHAY5,F,N-4,551T551_1,BROWN_5,L_TWINBU5_1Y,1444,76009,0.0502
10/8/2020 12:00:00 AM,2020,10,8,1,14040__A,DMGSQAL5,R,N-3,6483__C,MIDKIFF_8,SHIPWRCK_8,1210,11218,0.1463
10/8/2020 12:00:00 AM,2020,10,8,1,JCKSTP18_A,DHLJBLY5,F,N-2,SLTDM_SHRPSH_1,SALTDOMESUB9,SHROPSHRSUB9,5551,5555,0.0604
10/8/2020 12:00:00 AM,2020,10,8,1,122T122_1,SCOMCYP8,F,N-1,68T221_1,L_VERDCR8_1Y,L_TURTCR8_1Y,7146,7442,0.1369
10/8/2020 12:00:00 AM,2020,10,8,1,583T583_1,DBEFAI58,F,N-2,VENADO_TLINE_1,REVILLA4A,VENDPOI4A,8004,80084,0.0568
10/8/2020 12:00:00 AM,2020,10,8,1,6500__B,DODEMOS5,F,N-3,6045__A,MIDLET_5,FSCOGEN_5,1021,1025,0.1983
10/8/2020 12:00:00 AM,2020,10,8,1,6500__B,DODEMOS5,F,N-3,RIOPEC_WOODW21_1,RIOPECOS4A,TNWDWRDTAP1,6601,38330,0.0755
10/8/2020 12:00:00 AM,2020,10,8,1,SOUTHA_VINSON1_1,DBWNKLN5,F,N-2,PUTN_SOLANU1_1,PUTN4A,SOLANUM4A,6309,61015,0.2514
10/8/2020 12:00:00 AM,2020,10,8,1,14040__A,DMGSQAL5,R,N-3,6815__B,GLASCOCK_9,REAGNSHE_9,1217,1219,0.0797
10/8/2020 12:00:00 AM,2020,10,8,1,651__B,SCMNCPS5,F,N-1,110T109_1,L_LAMPAS8_1Y,L_DOBYVI8_1Y,7064,7065,0.0648
10/8/2020 12:00:00 AM,2020,10,8,1,6017__A,DCPSJON5,F,N-2,6000__A,BENBRK_B_T5,SYCMRCRK1_5,1870,1935,0.0729
10/8/2020 12:00:00 AM,2020,10,8,1,6017__A,DCPSJON5,F,N-2,CROSS_TESLA_2_1,TESLA7A,CROSS_E2,60501,79004,0.4254
10/8/2020 12:00:00 AM,2020,10,8,1,6017__A,DCPSJON5,F,N-2,TULCNYN_CROS_2_1,CROSS_W2,TULECNYN,79003,23914,0.425
10/8/2020 12:00:00 AM,2020,10,8,1,6017__A,DCPSJON5,F,N-2,890__J,LORING_P8,VINSON,11808,6967,0.4807
10/8/2020 12:00:00 AM,2020,10,8,1,122T122_1,SCOMCYP8,F,N-1,R5_KENDL_1,CAGNON_5,L_KENDAL5_1Y,5056,7046,0.0656
10/8/2020 12:00:00 AM,2020,10,8,1,122T122_1,SCOMCYP8,F,N-1,74T148_1,L_CICO__8_1Y,L_COMFOR8_1Y,7151,7155,0.2011
10/8/2020 12:00:00 AM,2020,10,8,1,651__B,SCMNCPS5,F,N-1,JYBRD_STV_1,STEPHENVIL8,JAYBIRD,295,320,0.0641
10/8/2020 12:00:00 AM,2020,10,8,1,651__B,SCMNCPS5,F,N-1,35084__A,BROWN_5,CORN_TRL_5,1444,11441,0.6209
10/8/2020 12:00:00 AM,2020,10,8,1,1030__B,SBOSELM5,R,N-1,1280__B,WACO_E1_8,WACOLASA1_8,3438,3452,0.0781
10/8/2020 12:00:00 AM,2020,10,8,1,1030__B,SBOSELM5,R,N-1,WNTSP_FMR2,WALSPTNP1_9,WALNUTSP_8,1647,1646,0.0582
10/8/2020 12:00:00 AM,2020,10,8,1,HEXT_YELWJC1_1,SFORYEL8,F,N-1,MENPHT_YELWJC1_1,YELWJCKT2A,MENPHTP2,6363,6401,0.434
10/8/2020 12:00:00 AM,2020,10,8,1,HEXT_YELWJC1_1,SFORYEL8,F,N-1,KATEMC_MASN1_1,MASN2A,KATEMCY2A,6393,6406,0.3242
10/8/2020 12:00:00 AM,2020,10,8,1,JCKSTP18_A,DWAPHLJ5,F,N-2,OR_RS_60_A,ORCHRD_S60_8,ROSNBG_S60_8,44540,44615,0.05
10/8/2020 12:00:00 AM,2020,10,8,1,JCKSTP18_A,DHLJBLY5,F,N-2,BLESSI_LAN_CT1_1,BLESSING4A,LAN_CTY4A,8121,8127,0.1434
10/8/2020 12:00:00 AM,2020,10,8,1,122T122_1,SCOMCYP8,F,N-1,374T238_1,L_FAIROA8_1Y,L_BERGHE8_1Y,7169,7170,0.0502
10/8/2020 12:00:00 AM,2020,10,8,1,583T583_1,DBEFAI58,F,N-2,48T130_1,L_ECKERT9_1Y,L_GILLES9_1Y,7122,7130,0.0503
10/8/2020 12:00:00 AM,2020,10,8,1,6265__C,DHCKSAG8,R,N-7,6402__B,NMAIN1_8,DENTN_AV1_8,1961,2157,0.1646
10/8/2020 12:00:00 AM,2020,10,8,1,651__B,SCMNCPS5,F,N-1,16T672_1,L_LAMPAS8_1Y,L_ADAMSV8_1Y,7064,7066,0.3537
10/8/2020 12:00:00 AM,2020,10,8,1,6017__A,DCPSJON5,F,N-2,152__A,MITCHBND_5,ROCKYCRK_5,1877,1880,0.6305
10/8/2020 12:00:00 AM,2020,10,8,1,6017__A,DCPSJON5,F,N-2,G69_Z1_1,TNPHILLPS30,TNPHLLPSOP0,39910,39930,0.5034
10/8/2020 12:00:00 AM,2020,10,8,1,JCKSTP18_A,DWAPHLJ5,F,N-2,STPZWP39_1,SO_TEX__345A,WHITEPT7A,5915,8956,0.1428
10/8/2020 12:00:00 AM,2020,10,8,1,JCKSTP18_A,DWAPHLJ5,F,N-2,DA_NV_45_A,DAMON__S45_9,NEEDVL_45TM9,42340,43001,0.0888
10/8/2020 12:00:00 AM,2020,10,8,1,JCKSTP18_A,DWAPHLJ5,F,N-2,DOWJCK27_A,DOW____POI_5,JONCRK27LR,42500,47532,0.5456
10/8/2020 12:00:00 AM,2020,10,8,1,HAMILT_MAXWEL1_1,SCOMHA38,R,N-5,JERRY_RUSSEK1_1,RUSSEKST4A,JERRY4A,6517,6559,0.0538
10/8/2020 12:00:00 AM,2020,10,8,1,388T388_1,SHAYZOR5,R,N-1,424T424_1,REDCREEK7A,L_AMOSCR5_1Y,6444,7077,0.1024
10/8/2020 1:00:00 AM,2020,10,8,2,6377__A,XGRS58,R,N-7,PAUL_VERN1_1,LKPAULS4,VERN4A,6050,6060,0.0585
10/8/2020 1:00:00 AM,2020,10,8,2,6377__A,XGRS58,R,N-7,CALCRK_PAINTC1_1,PAINTCRE4A,CALCRKTP4A,6161,6165,0.0505
10/8/2020 1:00:00 AM,2020,10,8,2,6377__A,XGRS58,R,N-7,PAIP_RADM1_1,RADIUMMT_8,PAINTCRE4A,1398,6161,0.0573
10/8/2020 3:00:00 AM,2020,10,8,4,NLARSW_PILONC1_1,SGODLON5,R,N-1,CARRIZ_CRYSTA1_1,CRYSTAL2A,CARRIZO2A,8242,8244,0.0845
10/8/2020 3:00:00 AM,2020,10,8,4,NLARSW_PILONC1_1,SGODLON5,R,N-1,HOL_FREE_1,HOLLANDSUB9,FREERSUB9,5878,5880,0.0951
10/8/2020 3:00:00 AM,2020,10,8,4,NLARSW_PILONC1_1,SGODLON5,R,N-1,MINES__NLARSW1_1,MINES_RD4A,NLARSW4A,8643,8909,0.1099
10/8/2020 6:00:00 AM,2020,10,8,7,6437__F,DMTSCOS5,R,N-2,CLAYT_WSHACK_2_1,WSHACK,CLAYTON_345,68000,68001,0.1208
10/8/2020 6:00:00 AM,2020,10,8,7,MAGRUD_VICTOR2_1,SMAGVIC9,R,N-4,146T133_1,L_FLATON8_1Y,L_PLUM__8_1Y,7248,7274,0.1566
10/8/2020 6:00:00 AM,2020,10,8,7,6437__F,DMTSCOS5,R,N-2,CLAT_WOLFGA1_1,WOLFGANG2A,CLRM2A,6162,6197,0.0506
10/8/2020 6:00:00 AM,2020,10,8,7,6437__F,DMTSCOS5,R,N-2,CLAYT_WSHACK_1_1,WSHACK,CLAYTON_345,68000,68001,0.1208
10/8/2020 6:00:00 AM,2020,10,8,7,MAGRUD_VICTOR2_1,SMAGVIC9,R,N-4,101T158_1,L_ZORN__8_1Y,L_POOLRO8_1Y,7180,7222,0.088
10/8/2020 7:00:00 AM,2020,10,8,8,JCKSTP18_A,DWAPHLJ5,F,N-2,CKT_3122_1,L_FPPYD25_1Y,HOLMAN,7055,9073,0.0909
10/8/2020 7:00:00 AM,2020,10,8,8,MAGRUD_VICTOR2_1,XVIC89,F,N-1,MAGRUD_VICTOR1_1,VICTORIA2A,MAGRUDER2A,8169,8177,0.2898
10/8/2020 7:00:00 AM,2020,10,8,8,SNGZEN99_A,DGIBZEN5,F,N-2,SNGZEN98_A,SNGLTN__B345,ZENITH__B345,44645,44900,0.3875
10/8/2020 8:00:00 AM,2020,10,8,9,6500__B,DODEMOS5,F,N-3,138_BRL_FLT_1,TNFLATTOP_1,TNBRDRFLD_1,38069,38065,0.0716
10/8/2020 8:00:00 AM,2020,10,8,9,583T583_1,DBEFAI58,F,N-2,587T587_1,L_MOUNTO9_1Y,L_BLANCO9_1Y,7480,7482,0.08
10/8/2020 12:00:00 PM,2020,10,8,13,CHAMPL_WEIL_T1_1,DKOCNUE8,R,N-2,MCKENZ_WESTSI1_1,WESTSIDE4A,MCKENZIE4A,8485,8858,0.253
10/8/2020 1:00:00 PM,2020,10,8,14,6462__C,SMDLMOS5,R,N-1,CLEARFRK_TELPH_1,TELPH_RD345,CLEARFRK,23873,23876,0.0669
10/8/2020 10:00:00 PM,2020,10,8,23,SOUTHA_VINSON1_1,SCISPUT8,F,N-3,HENDRI_PAINTC1_1,PAINTCRE4B,HENDRICK4A,6169,60387,0.0517
10/9/2020 12:00:00 AM,2020,10,9,1,122T122_1,SCOMCYP8,F,N-1,MONTEL_UVALDE1_1,MONTELL2A,UVALDE2A,8230,8231,0.1478
10/9/2020 12:00:00 AM,2020,10,9,1,6500__B,DODEMOS5,F,N-3,6511__D,MIDESSA_8,TRLINCTN_T8,1059,11137,0.2112
10/9/2020 12:00:00 AM,2020,10,9,1,14040__A,DMGSQAL5,R,N-3,6483__C,MIDKIFF_8,SHIPWRCK_8,1210,11218,0.1491
10/9/2020 12:00:00 AM,2020,10,9,1,JCKSTP18_A,DWAPHLJ5,F,N-2,SLTDM_SHRPSH_1,SALTDOMESUB9,SHROPSHRSUB9,5551,5555,0.0568
10/9/2020 12:00:00 AM,2020,10,9,1,122T122_1,SCOMCYP8,F,N-1,68T221_1,L_VERDCR8_1Y,L_TURTCR8_1Y,7146,7442,0.1368
10/9/2020 12:00:00 AM,2020,10,9,1,583T583_1,DBERWE58,F,N-2,VENADO_TLINE_1,REVILLA4A,VENDPOI4A,8004,80084,0.0567
10/9/2020 12:00:00 AM,2020,10,9,1,6500__B,DODEMOS5,F,N-3,6045__A,MIDLET_5,FSCOGEN_5,1021,1025,0.2267
10/9/2020 12:00:00 AM,2020,10,9,1,6500__B,DODEMOS5,F,N-3,RIOPEC_WOODW21_1,RIOPECOS4A,TNWDWRDTAP1,6601,38330,0.081
10/9/2020 12:00:00 AM,2020,10,9,1,SOUTHA_VINSON1_1,DBWNKLN5,F,N-2,PUTN_SOLANU1_1,PUTN4A,SOLANUM4A,6309,61015,0.2511
10/9/2020 12:00:00 AM,2020,10,9,1,14040__A,DMGSQAL5,R,N-3,6815__B,GLASCOCK_9,REAGNSHE_9,1217,1219,0.0921
10/9/2020 12:00:00 AM,2020,10,9,1,6017__A,DCPSJON5,F,N-2,6000__A,BENBRK_B_T5,SYCMRCRK1_5,1870,1935,0.0729
10/9/2020 12:00:00 AM,2020,10,9,1,6017__A,DCPSJON5,F,N-2,CROSS_TESLA_2_1,TESLA7A,CROSS_E2,60501,79004,0.4253
10/9/2020 12:00:00 AM,2020,10,9,1,6017__A,DCPSJON5,F,N-2,TULCNYN_CROS_2_1,CROSS_W2,TULECNYN,79003,23914,0.425
10/9/2020 12:00:00 AM,2020,10,9,1,6017__A,DCPSJON5,F,N-2,890__J,LORING_P8,VINSON,11808,6967,0.4804
10/9/2020 12:00:00 AM,2020,10,9,1,SOUTHA_VINSON1_1,SCISPUT8,F,N-3,HENDRI_PAINTC1_1,PAINTCRE4B,HENDRICK4A,6169,60387,0.0517
10/9/2020 12:00:00 AM,2020,10,9,1,14040__A,DMGSQAL5,R,N-3,6465__B,SPRABERY_8,CLOVERDALE_8,1329,11134,0.1116
10/9/2020 12:00:00 AM,2020,10,9,1,SOUTHA_VINSON1_1,SCISPUT8,F,N-3,CALCRK_PAINTC1_1,PAINTCRE4A,CALCRKTP4A,6161,6165,0.0595
10/9/2020 12:00:00 AM,2020,10,9,1,122T122_1,SCOMCYP8,F,N-1,R5_KENDL_1,CAGNON_5,L_KENDAL5_1Y,5056,7046,0.0635
10/9/2020 12:00:00 AM,2020,10,9,1,122T122_1,SCOMCYP8,F,N-1,74T148_1,L_CICO__8_1Y,L_COMFOR8_1Y,7151,7155,0.1986
10/9/2020 12:00:00 AM,2020,10,9,1,1030__B,SBOSELM5,R,N-1,1280__B,WACO_E1_8,WACOLASA1_8,3438,3452,0.0783
10/9/2020 12:00:00 AM,2020,10,9,1,HEXT_YELWJC1_1,SFORYEL8,F,N-1,MENPHT_YELWJC1_1,YELWJCKT2A,MENPHTP2,6363,6401,0.434
10/9/2020 12:00:00 AM,2020,10,9,1,HEXT_YELWJC1_1,SFORYEL8,F,N-1,KATEMC_MASN1_1,MASN2A,KATEMCY2A,6393,6406,0.3242
10/9/2020 12:00:00 AM,2020,10,9,1,6017__A,DCPSJON5,F,N-2,35084__A,BROWN_5,CORN_TRL_5,1444,11441,0.374
10/9/2020 12:00:00 AM,2020,10,9,1,JCKSTP18_A,DWAPHLJ5,F,N-2,STPZWP39_1,SO_TEX__345A,WHITEPT7A,5915,8956,0.1543
10/9/2020 12:00:00 AM,2020,10,9,1,JCKSTP18_A,DWAPHLJ5,F,N-2,CKT_3122_1,L_FPPYD25_1Y,HOLMAN,7055,9073,0.0916
10/9/2020 12:00:00 AM,2020,10,9,1,JCKSTP18_A,DWAPHLJ5,F,N-2,G69_Z1_1,TNPHILLPS30,TNPHLLPSOP0,39910,39930,0.1856
10/9/2020 12:00:00 AM,2020,10,9,1,JCKSTP18_A,DWAPHLJ5,F,N-2,DA_NV_45_A,DAMON__S45_9,NEEDVL_45TM9,42340,43001,0.0952
10/9/2020 12:00:00 AM,2020,10,9,1,JCKSTP18_A,DWAPHLJ5,F,N-2,DOWJCK27_A,DOW____POI_5,JONCRK27LR,42500,47532,0.5509
10/9/2020 12:00:00 AM,2020,10,9,1,JCKSTP18_A,DWAPHLJ5,F,N-2,BLESSI_LAN_CT1_1,BLESSING4A,LAN_CTY4A,8121,8127,0.1541
10/9/2020 12:00:00 AM,2020,10,9,1,583T583_1,DBERWE58,F,N-2,48T130_1,L_ECKERT9_1Y,L_GILLES9_1Y,7122,7130,0.0503
10/9/2020 12:00:00 AM,2020,10,9,1,6017__A,DCPSJON5,F,N-2,152__A,MITCHBND_5,ROCKYCRK_5,1877,1880,0.6304
10/9/2020 12:00:00 AM,2020,10,9,1,6017__A,DCPSJON5,F,N-2,16T672_1,L_LAMPAS8_1Y,L_ADAMSV8_1Y,7064,7066,0.1867
10/9/2020 1:00:00 AM,2020,10,9,2,MAGRUD_VICTOR2_1,XVIC89,F,N-1,101T158_1,L_ZORN__8_1Y,L_POOLRO8_1Y,7180,7222,0.0868
10/9/2020 1:00:00 AM,2020,10,9,2,MAGRUD_VICTOR2_1,XVIC89,F,N-1,MAGRUD_VICTOR1_1,VICTORIA2A,MAGRUDER2A,8169,8177,0.29
10/9/2020 1:00:00 AM,2020,10,9,2,NLARSW_PILONC1_1,SGODPAW5,R,N-1,CARRIZ_CRYSTA1_1,CRYSTAL2A,CARRIZO2A,8242,8244,0.0898
10/9/2020 1:00:00 AM,2020,10,9,2,MAGRUD_VICTOR2_1,XVIC89,F,N-1,146T133_1,L_FLATON8_1Y,L_PLUM__8_1Y,7248,7274,0.1545
10/9/2020 6:00:00 AM,2020,10,9,7,SNGZEN99_A,DGIBZEN5,F,N-2,SNGZEN98_A,SNGLTN__B345,ZENITH__B345,44645,44900,0.3865
10/9/2020 7:00:00 AM,2020,10,9,8,6437__F,DMTSCOS5,R,N-2,PAIP_RADM1_1,RADIUMMT_8,PAINTCRE4A,1398,6161,0.0851
10/9/2020 7:00:00 AM,2020,10,9,8,6437__F,DMTSCOS5,R,N-2,CLAT_WOLFGA1_1,WOLFGANG2A,CLRM2A,6162,6197,0.0524
10/9/2020 8:00:00 AM,2020,10,9,9,6437__F,DMTSCOS5,R,N-2,CLAYT_WSHACK_1_1,WSHACK,CLAYTON_345,68000,68001,0.1211
10/9/2020 8:00:00 AM,2020,10,9,9,256T330_1,DZORHAY5,R,N-4,493T493_1,L_BERGHE8_1Y,L_ANTLER8_1Y,7170,7171,0.3215
10/9/2020 8:00:00 AM,2020,10,9,9,6437__F,DMTSCOS5,R,N-2,CLAYT_WSHACK_2_1,WSHACK,CLAYTON_345,68000,68001,0.1211
10/9/2020 10:00:00 AM,2020,10,9,11,6462__C,SMDLMOS5,R,N-1,CLEARFRK_TELPH_1,TELPH_RD345,CLEARFRK,23873,23876,0.0611
10/9/2020 3:00:00 PM,2020,10,9,16,ASHERT_CATARI1_1,DCE_LO58,F,N-15,N_ELLA_PREMON1_1,N_ELLA2A,PREMONT2A,8878,8894,0.0571
10/9/2020 5:00:00 PM,2020,10,9,18,HAMILT_MAXWEL1_1,SCOMHA38,R,N-5,JERRY_RUSSEK1_1,RUSSEKST4A,JERRY4A,6517,6559,0.0539
10/10/2020 12:00:00 AM,2020,10,10,1,122T122_1,SCOMCYP8,F,N-1,MONTEL_UVALDE1_1,MONTELL2A,UVALDE2A,8230,8231,0.1479
10/10/2020 12:00:00 AM,2020,10,10,1,6500__B,DODEMOS5,F,N-3,6511__D,MIDESSA_8,TRLINCTN_T8,1059,11137,0.2112
10/10/2020 12:00:00 AM,2020,10,10,1,HAMILT_MAXWEL1_1,SCOMHA38,R,N-5,JERRY_RUSSEK1_1,RUSSEKST4A,JERRY4A,6517,6559,0.0539
10/10/2020 12:00:00 AM,2020,10,10,1,388T388_1,SHAYZOR5,R,N-1,551T551_1,BROWN_5,L_TWINBU5_1Y,1444,76009,0.1237
10/10/2020 12:00:00 AM,2020,10,10,1,388T388_1,SHAYZOR5,R,N-1,12T219_1,L_NARUNA8_1Y,L_LAMPAS8_1Y,7063,7064,0.089
10/10/2020 12:00:00 AM,2020,10,10,1,JCKSTP18_A,DWAPHLJ5,F,N-2,SLTDM_SHRPSH_1,SALTDOMESUB9,SHROPSHRSUB9,5551,5555,0.0568
10/10/2020 12:00:00 AM,2020,10,10,1,JCKSTP18_A,DWAPHLJ5,F,N-2,VENADO_TLINE_1,REVILLA4A,VENDPOI4A,8004,80084,0.0977
10/10/2020 12:00:00 AM,2020,10,10,1,SOUTHA_VINSON1_1,SSALTMP5,F,N-1,PUTN_SOLANU1_1,PUTN4A,SOLANUM4A,6309,61015,0.2513
10/10/2020 12:00:00 AM,2020,10,10,1,122T122_1,SCOMCYP8,F,N-1,68T221_1,L_VERDCR8_1Y,L_TURTCR8_1Y,7146,7442,0.1368
10/10/2020 12:00:00 AM,2020,10,10,1,6017__A,DCPSJON5,F,N-2,6000__A,BENBRK_B_T5,SYCMRCRK1_5,1870,1935,0.0724
10/10/2020 12:00:00 AM,2020,10,10,1,6017__A,DCPSJON5,F,N-2,CROSS_TESLA_2_1,TESLA7A,CROSS_E2,60501,79004,0.4254
10/10/2020 12:00:00 AM,2020,10,10,1,6017__A,DCPSJON5,F,N-2,TULCNYN_CROS_2_1,CROSS_W2,TULECNYN,79003,23914,0.4251
10/10/2020 12:00:00 AM,2020,10,10,1,6017__A,DCPSJON5,F,N-2,890__J,LORING_P8,VINSON,11808,6967,0.4804
10/10/2020 12:00:00 AM,2020,10,10,1,6095__D,DMGSQAL5,F,N-3,6045__A,MIDLET_5,FSCOGEN_5,1021,1025,0.0851
10/10/2020 12:00:00 AM,2020,10,10,1,6500__B,DODEMOS5,F,N-3,RIOPEC_WOODW21_1,RIOPECOS4A,TNWDWRDTAP1,6601,38330,0.0811
10/10/2020 12:00:00 AM,2020,10,10,1,SOUTHA_VINSON1_1,SCISPUT8,F,N-3,HENDRI_PAINTC1_1,PAINTCRE4B,HENDRICK4A,6169,60387,0.0517
10/10/2020 12:00:00 AM,2020,10,10,1,388T388_1,SHAYZOR5,R,N-1,110T109_1,L_LAMPAS8_1Y,L_DOBYVI8_1Y,7064,7065,0.0624
10/10/2020 12:00:00 AM,2020,10,10,1,HEXT_YELWJC1_1,SFORYEL8,F,N-1,MENPHT_YELWJC1_1,YELWJCKT2A,MENPHTP2,6363,6401,0.434
10/10/2020 12:00:00 AM,2020,10,10,1,HEXT_YELWJC1_1,SFORYEL8,F,N-1,KATEMC_MASN1_1,MASN2A,KATEMCY2A,6393,6406,0.3242
10/10/2020 12:00:00 AM,2020,10,10,1,122T122_1,SCOMCYP8,F,N-1,R5_KENDL_1,CAGNON_5,L_KENDAL5_1Y,5056,7046,0.0635
10/10/2020 12:00:00 AM,2020,10,10,1,122T122_1,SCOMCYP8,F,N-1,74T148_1,L_CICO__8_1Y,L_COMFOR8_1Y,7151,7155,0.1986
10/10/2020 12:00:00 AM,2020,10,10,1,6017__A,DCPSJON5,F,N-2,35084__A,BROWN_5,CORN_TRL_5,1444,11441,0.3739
10/10/2020 12:00:00 AM,2020,10,10,1,6500__B,DODEMOS5,F,N-3,6465__B,SPRABERY_8,CLOVERDALE_8,1329,11134,0.1852
10/10/2020 12:00:00 AM,2020,10,10,1,SOUTHA_VINSON1_1,SPUTAB38,F,N-1,CALCRK_PAINTC1_1,PAINTCRE4A,CALCRKTP4A,6161,6165,0.0551
10/10/2020 12:00:00 AM,2020,10,10,1,JCKSTP18_A,DWAPHLJ5,F,N-2,BLESSI_LAN_CT1_1,BLESSING4A,LAN_CTY4A,8121,8127,0.1541
10/10/2020 12:00:00 AM,2020,10,10,1,JCKSTP18_A,DWAPHLJ5,F,N-2,STPZWP39_1,SO_TEX__345A,WHITEPT7A,5915,8956,0.1543
10/10/2020 12:00:00 AM,2020,10,10,1,JCKSTP18_A,DWAPHLJ5,F,N-2,CKT_3122_1,L_FPPYD25_1Y,HOLMAN,7055,9073,0.0916
10/10/2020 12:00:00 AM,2020,10,10,1,JCKSTP18_A,DWAPHLJ5,F,N-2,G69_Z1_1,TNPHILLPS30,TNPHLLPSOP0,39910,39930,0.1855
10/10/2020 12:00:00 AM,2020,10,10,1,JCKSTP18_A,DWAPHLJ5,F,N-2,DA_NV_45_A,DAMON__S45_9,NEEDVL_45TM9,42340,43001,0.0951
10/10/2020 12:00:00 AM,2020,10,10,1,JCKSTP18_A,DWAPHLJ5,F,N-2,DOWJCK27_A,DOW____POI_5,JONCRK27LR,42500,47532,0.5509
10/10/2020 12:00:00 AM,2020,10,10,1,150T220_1,DLOCRED8,F,N-3,101T158_1,L_ZORN__8_1Y,L_POOLRO8_1Y,7180,7222,0.1039
10/10/2020 12:00:00 AM,2020,10,10,1,SANA_FMR1,SCOLBAL8,F,N-6,16T672_1,L_LAMPAS8_1Y,L_ADAMSV8_1Y,7064,7066,0.0516
10/10/2020 12:00:00 AM,2020,10,10,1,583T583_1,DBEFAI58,F,N-2,48T130_1,L_ECKERT9_1Y,L_GILLES9_1Y,7122,7130,0.0503
10/10/2020 12:00:00 AM,2020,10,10,1,6017__A,DCPSJON5,F,N-2,152__A,MITCHBND_5,ROCKYCRK_5,1877,1880,0.6298
10/10/2020 12:00:00 AM,2020,10,10,1,6265__C,DHCKSAG8,R,N-7,6402__B,NMAIN1_8,DENTN_AV1_8,1961,2157,0.165
10/10/2020 12:00:00 AM,2020,10,10,1,388T388_1,SHAYZOR5,R,N-1,424T424_1,REDCREEK7A,L_AMOSCR5_1Y,6444,7077,0.1025
10/10/2020 12:00:00 AM,2020,10,10,1,1030__B,SBOSELM5,R,N-1,1280__B,WACO_E1_8,WACOLASA1_8,3438,3452,0.0783
10/10/2020 2:00:00 AM,2020,10,10,3,ASHERT_CATARI1_1,SGODLON5,R,N-1,CARRIZ_CRYSTA1_1,CRYSTAL2A,CARRIZO2A,8242,8244,0.0898
10/10/2020 8:00:00 AM,2020,10,10,9,583T583_1,DZORHAY5,F,N-4,493T493_1,L_BERGHE8_1Y,L_ANTLER8_1Y,7170,7171,0.1114
10/10/2020 9:00:00 AM,2020,10,10,10,ASHERT_CATARI1_1,DCE_LO58,F,N-15,N_ELLA_PREMON1_1,N_ELLA2A,PREMONT2A,8878,8894,0.0561
10/10/2020 10:00:00 AM,2020,10,10,11,6462__C,SMDLMOS5,R,N-1,CLEARFRK_TELPH_1,TELPH_RD345,CLEARFRK,23873,23876,0.061
10/10/2020 12:00:00 PM,2020,10,10,13,293T304_1,DHILMAR5,F,N-2,209T203_1,L_YORKCR8_1Y,L_SEGUIN8_1Y,7227,7228,0.0761
10/10/2020 5:00:00 PM,2020,10,10,18,6500__B,DODEMOS5,F,N-3,138_BRL_FLT_1,TNFLATTOP_1,TNBRDRFLD_1,38069,38065,0.0771
10/10/2020 6:00:00 PM,2020,10,10,19,SANMIGL_ATAH,DCE_LO58,F,N-15,HONDO_CASTROSW_1,CSTROVILESW9,HONDOCREEK9,5807,5821,0.0505
10/10/2020 7:00:00 PM,2020,10,10,20,6437__F,DMTSCOS5,R,N-2,CLAYT_WSHACK_1_1,WSHACK,CLAYTON_345,68000,68001,0.1211
10/10/2020 7:00:00 PM,2020,10,10,20,6437__F,DMTSCOS5,R,N-2,CLAT_WOLFGA1_1,WOLFGANG2A,CLRM2A,6162,6197,0.0524
10/10/2020 7:00:00 PM,2020,10,10,20,6437__F,DMTSCOS5,R,N-2,PAIP_RADM1_1,RADIUMMT_8,PAINTCRE4A,1398,6161,0.0851
10/10/2020 7:00:00 PM,2020,10,10,20,6437__F,DMTSCOS5,R,N-2,CLAYT_WSHACK_2_1,WSHACK,CLAYTON_345,68000,68001,0.1211
10/11/2020 12:00:00 AM,2020,10,11,1,JCKSTP18_A,DWAPHLJ5,F,N-2,BLESSI_LAN_CT1_1,BLESSING4A,LAN_CTY4A,8121,8127,0.1538
10/11/2020 12:00:00 AM,2020,10,11,1,HEXT_MASONS1_1,SFORYEL8,F,N-1,MENPHT_YELWJC1_1,YELWJCKT2A,MENPHTP2,6363,6401,0.434
10/11/2020 12:00:00 AM,2020,10,11,1,HEXT_MASONS1_1,SFORYEL8,F,N-1,KATEMC_MASN1_1,MASN2A,KATEMCY2A,6393,6406,0.3242
10/11/2020 12:00:00 AM,2020,10,11,1,JCKSTP18_A,DWAPHLJ5,F,N-2,STPZWP39_1,SO_TEX__345A,WHITEPT7A,5915,8956,0.1546
10/11/2020 12:00:00 AM,2020,10,11,1,JCKSTP18_A,DWAPHLJ5,F,N-2,CKT_3122_1,L_FPPYD25_1Y,HOLMAN,7055,9073,0.0918
10/11/2020 12:00:00 AM,2020,10,11,1,JCKSTP18_A,DWAPHLJ5,F,N-2,G69_Z1_1,TNPHILLPS30,TNPHLLPSOP0,39910,39930,0.1826
10/11/2020 12:00:00 AM,2020,10,11,1,JCKSTP18_A,DWAPHLJ5,F,N-2,DOWJCK27_A,DOW____POI_5,JONCRK27LR,42500,47532,0.5506
10/11/2020 12:00:00 AM,2020,10,11,1,388T388_1,SHAYZOR5,R,N-1,48T130_1,L_ECKERT9_1Y,L_GILLES9_1Y,7122,7130,0.0953
10/11/2020 12:00:00 AM,2020,10,11,1,388T388_1,SHAYZOR5,R,N-1,424T424_1,REDCREEK7A,L_AMOSCR5_1Y,6444,7077,0.1026
10/11/2020 12:00:00 AM,2020,10,11,1,6265__C,DHCKSAG8,R,N-7,6402__B,NMAIN1_8,DENTN_AV1_8,1961,2157,0.165
10/11/2020 12:00:00 AM,2020,10,11,1,651__B,SCMNCPS5,F,N-1,16T672_1,L_LAMPAS8_1Y,L_ADAMSV8_1Y,7064,7066,0.3576
10/11/2020 12:00:00 AM,2020,10,11,1,MAGRUD_VICTOR2_1,XVIC89,F,N-1,101T158_1,L_ZORN__8_1Y,L_POOLRO8_1Y,7180,7222,0.0868
10/11/2020 12:00:00 AM,2020,10,11,1,MAGRUD_VICTOR2_1,XVIC89,F,N-1,MAGRUD_VICTOR1_1,VICTORIA2A,MAGRUDER2A,8169,8177,0.29
10/11/2020 12:00:00 AM,2020,10,11,1,388T388_1,SHAYZOR5,R,N-1,110T109_1,L_LAMPAS8_1Y,L_DOBYVI8_1Y,7064,7065,0.0621
10/11/2020 12:00:00 AM,2020,10,11,1,388T388_1,SHAYZOR5,R,N-1,VENADO_TLINE_1,REVILLA4A,VENDPOI4A,8004,80084,0.1009
10/11/2020 12:00:00 AM,2020,10,11,1,122T122_1,SCOMCYP8,F,N-1,68T221_1,L_VERDCR8_1Y,L_TURTCR8_1Y,7146,7442,0.1368
10/11/2020 12:00:00 AM,2020,10,11,1,14040__A,DMGSQAL5,R,N-3,6045__A,MIDLET_5,FSCOGEN_5,1021,1025,0.0784
10/11/2020 12:00:00 AM,2020,10,11,1,14040__A,DMGSQAL5,R,N-3,6815__B,GLASCOCK_9,REAGNSHE_9,1217,1219,0.0797
10/11/2020 12:00:00 AM,2020,10,11,1,LYNX_TOMBST1_1,SWOORI28,R,N-4,RIOPEC_WOODW21_1,RIOPECOS4A,TNWDWRDTAP1,6601,38330,0.6522
10/11/2020 12:00:00 AM,2020,10,11,1,SOUTHA_VINSON1_1,DGRSLNC5,F,N-2,PUTN_SOLANU1_1,PUTN4A,SOLANUM4A,6309,61015,0.2506
10/11/2020 12:00:00 AM,2020,10,11,1,388T388_1,SHAYZOR5,R,N-1,R5_KENDL_1,CAGNON_5,L_KENDAL5_1Y,5056,7046,0.4547
10/11/2020 12:00:00 AM,2020,10,11,1,388T388_1,SHAYZOR5,R,N-1,74T148_1,L_CICO__8_1Y,L_COMFOR8_1Y,7151,7155,0.3235
10/11/2020 12:00:00 AM,2020,10,11,1,651__B,SCMNCPS5,F,N-1,35084__A,BROWN_5,CORN_TRL_5,1444,11441,0.6272
10/11/2020 12:00:00 AM,2020,10,11,1,1030__B,SBOSELM5,R,N-1,1280__B,WACO_E1_8,WACOLASA1_8,3438,3452,0.0783
10/11/2020 12:00:00 AM,2020,10,11,1,LARDVN_LASCRU1_1,SPOMNED5,F,N-1,N_ELLA_PREMON1_1,N_ELLA2A,PREMONT2A,8878,8894,0.0858
10/11/2020 12:00:00 AM,2020,10,11,1,JCKSTP18_A,DWAPHLJ5,F,N-2,SLTDM_SHRPSH_1,SALTDOMESUB9,SHROPSHRSUB9,5551,5555,0.0567
10/11/2020 12:00:00 AM,2020,10,11,1,388T388_1,SHAYZOR5,R,N-1,551T551_1,BROWN_5,L_TWINBU5_1Y,1444,76009,0.1238
10/11/2020 12:00:00 AM,2020,10,11,1,388T388_1,SHAYZOR5,R,N-1,12T219_1,L_NARUNA8_1Y,L_LAMPAS8_1Y,7063,7064,0.0887
10/11/2020 12:00:00 AM,2020,10,11,1,388T388_1,SHAYZOR5,R,N-1,MONTEL_UVALDE1_1,MONTELL2A,UVALDE2A,8230,8231,0.1902
10/11/2020 12:00:00 AM,2020,10,11,1,14040__A,DMGSQAL5,R,N-3,6483__C,MIDKIFF_8,SHIPWRCK_8,1210,11218,0.1463
10/11/2020 12:00:00 AM,2020,10,11,1,MAGRUD_VICTOR2_1,XVIC89,F,N-1,146T133_1,L_FLATON8_1Y,L_PLUM__8_1Y,7248,7274,0.1545
10/11/2020 12:00:00 AM,2020,10,11,1,NLARSW_PILONC1_1,SPOMNED5,R,N-1,CARRIZ_CRYSTA1_1,CRYSTAL2A,CARRIZO2A,8242,8244,0.0779
10/11/2020 12:00:00 AM,2020,10,11,1,SOUTHA_VINSON1_1,SCISPUT8,F,N-3,CALCRK_PAINTC1_1,PAINTCRE4A,CALCRKTP4A,6161,6165,0.0595
10/11/2020 12:00:00 AM,2020,10,11,1,6475__F,DODEMOS5,R,N-3,6510__C,MIDLAIRP_8,NOBLES_8,1120,11143,0.0769
10/11/2020 12:00:00 AM,2020,10,11,1,SOUTHA_VINSON1_1,SCISPUT8,F,N-3,HENDRI_PAINTC1_1,PAINTCRE4B,HENDRICK4A,6169,60387,0.0517
10/11/2020 12:00:00 AM,2020,10,11,1,6475__F,DODEMOS5,R,N-3,6510__I,MIDLAIRP_8,MIDESSAS_8,1120,1124,0.0769
10/11/2020 12:00:00 AM,2020,10,11,1,6475__F,DODEMOS5,R,N-3,6511__D,MIDESSA_8,TRLINCTN_T8,1059,11137,0.1811
10/11/2020 12:00:00 AM,2020,10,11,1,HAMILT_MAXWEL1_1,SCOMHA38,R,N-5,JERRY_RUSSEK1_1,RUSSEKST4A,JERRY4A,6517,6559,0.0519
10/11/2020 7:00:00 AM,2020,10,11,8,6265__C,DHCKRNK5,R,N-3,6271__B,SAGINAW1_8,FOSLCRK1_8,1957,2077,0.2854
10/11/2020 7:00:00 AM,2020,10,11,8,JCKSTP18_A,DWAPHLJ5,F,N-2,FB_AT1,FTBEND___B69,FTBENSTR,44290,44281,0.1854
10/11/2020 7:00:00 AM,2020,10,11,8,JCKSTP18_A,DWAPHLJ5,F,N-2,FB_AT1H,FTBEND__B138,FTBENSTR,44280,44281,0.0731
10/11/2020 7:00:00 AM,2020,10,11,8,JCKSTP18_A,DWAPHLJ5,F,N-2,FB_RE_09_A,FTBEND__B138,READNG_S09_8,44280,44570,0.0501
10/11/2020 2:00:00 PM,2020,10,11,15,ONYXRE_QUAINT1_1,XRAD89,F,N-1,PAUL_VERN1_1,LKPAULS4,VERN4A,6050,6060,0.0695
10/11/2020 2:00:00 PM,2020,10,11,15,ONYXRE_QUAINT1_1,XRAD89,F,N-1,HSKLTP_PAINTC1_1,PAINTCRE2A,HASKLTP12A,6159,6171,0.5466
10/11/2020 2:00:00 PM,2020,10,11,15,ONYXRE_QUAINT1_1,XRAD89,F,N-1,CLAT_WOLFGA1_1,WOLFGANG2A,CLRM2A,6162,6197,0.34
10/11/2020 2:00:00 PM,2020,10,11,15,ONYXRE_QUAINT1_1,XRAD89,F,N-1,6780__A,ESKOTA_9,LONGWRTH2A,1340,6661,0.3996
10/11/2020 2:00:00 PM,2020,10,11,15,ONYXRE_QUAINT1_1,XRAD89,F,N-1,PAIP_RADM1_1,RADIUMMT_8,PAINTCRE4A,1398,6161,0.0616
10/11/2020 4:00:00 PM,2020,10,11,17,6475__F,DODEMOS5,R,N-3,138_BRL_FLT_1,TNFLATTOP_1,TNBRDRFLD_1,38069,38065,0.0706
10/12/2020 12:00:00 AM,2020,10,12,1,651__B,SCMNCPS5,F,N-1,16T672_1,L_LAMPAS8_1Y,L_ADAMSV8_1Y,7064,7066,0.3576
10/12/2020 12:00:00 AM,2020,10,12,1,6265__C,DHCKRNK5,R,N-3,6402__B,NMAIN1_8,DENTN_AV1_8,1961,2157,0.1691
10/12/2020 12:00:00 AM,2020,10,12,1,MAGRUD_VICTOR2_1,XVIC89,F,N-1,101T158_1,L_ZORN__8_1Y,L_POOLRO8_1Y,7180,7222,0.0868
10/12/2020 12:00:00 AM,2020,10,12,1,MAGRUD_VICTOR2_1,XVIC89,F,N-1,MAGRUD_VICTOR1_1,VICTORIA2A,MAGRUDER2A,8169,8177,0.29
10/12/2020 12:00:00 AM,2020,10,12,1,1030__B,SBOSELM5,R,N-1,1280__B,WACO_E1_8,WACOLASA1_8,3438,3452,0.0783
10/12/2020 12:00:00 AM,2020,10,12,1,651__B,SCMNCPS5,F,N-1,35084__A,BROWN_5,CORN_TRL_5,1444,11441,0.6272
10/12/2020 12:00:00 AM,2020,10,12,1,122T122_1,SCOMCYP8,F,N-1,R5_KENDL_1,CAGNON_5,L_KENDAL5_1Y,5056,7046,0.0635
10/12/2020 12:00:00 AM,2020,10,12,1,122T122_1,SCOMCYP8,F,N-1,74T148_1,L_CICO__8_1Y,L_COMFOR8_1Y,7151,7155,0.1986
10/12/2020 12:00:00 AM,2020,10,12,1,HEXT_YELWJC1_1,SFORYEL8,F,N-1,MENPHT_YELWJC1_1,YELWJCKT2A,MENPHTP2,6363,6401,0.434
10/12/2020 12:00:00 AM,2020,10,12,1,HEXT_YELWJC1_1,SFORYEL8,F,N-1,KATEMC_MASN1_1,MASN2A,KATEMCY2A,6393,6406,0.3242
10/12/2020 12:00:00 AM,2020,10,12,1,JCKSTP18_A,DWAPHLJ5,F,N-2,BLESSI_LAN_CT1_1,BLESSING4A,LAN_CTY4A,8121,8127,0.1526
10/12/2020 12:00:00 AM,2020,10,12,1,JCKSTP18_A,DWAPHLJ5,F,N-2,FB_AT1H,FTBEND__B138,FTBENSTR,44280,44281,0.0731
10/12/2020 12:00:00 AM,2020,10,12,1,JCKSTP18_A,DWAPHLJ5,F,N-2,STPZWP39_1,SO_TEX__345A,WHITEPT7A,5915,8956,0.1537
10/12/2020 12:00:00 AM,2020,10,12,1,JCKSTP18_A,DWAPHLJ5,F,N-2,CKT_3122_1,L_FPPYD25_1Y,HOLMAN,7055,9073,0.091
10/12/2020 12:00:00 AM,2020,10,12,1,JCKSTP18_A,DWAPHLJ5,F,N-2,G69_Z1_1,TNPHILLPS30,TNPHLLPSOP0,39910,39930,0.1879
10/12/2020 12:00:00 AM,2020,10,12,1,JCKSTP18_A,DWAPHLJ5,F,N-2,FB_RE_09_A,FTBEND__B138,READNG_S09_8,44280,44570,0.05
10/12/2020 12:00:00 AM,2020,10,12,1,JCKSTP18_A,DWAPHLJ5,F,N-2,DOWJCK27_A,DOW____POI_5,JONCRK27LR,42500,47532,0.5515
10/12/2020 12:00:00 AM,2020,10,12,1,SOUTHA_VINSON1_1,,F,THERMAL,PUTN_SOLANU1_1,PUTN4A,SOLANUM4A,6309,61015,0.2513
10/12/2020 12:00:00 AM,2020,10,12,1,651__B,SCMNCPS5,F,N-1,110T109_1,L_LAMPAS8_1Y,L_DOBYVI8_1Y,7064,7065,0.0656
10/12/2020 12:00:00 AM,2020,10,12,1,122T122_1,SCOMCYP8,F,N-1,68T221_1,L_VERDCR8_1Y,L_TURTCR8_1Y,7146,7442,0.1368
10/12/2020 12:00:00 AM,2020,10,12,1,6095__D,DODEMOS5,F,N-3,6045__A,MIDLET_5,FSCOGEN_5,1021,1025,0.0782
10/12/2020 12:00:00 AM,2020,10,12,1,LYNX_TOMBST1_1,DODEMOS5,R,N-3,RIOPEC_WOODW21_1,RIOPECOS4A,TNWDWRDTAP1,6601,38330,0.6634
10/12/2020 12:00:00 AM,2020,10,12,1,JCKSTP18_A,DWAPHLJ5,F,N-2,FB_AT1,FTBEND___B69,FTBENSTR,44290,44281,0.1853
10/12/2020 12:00:00 AM,2020,10,12,1,JCKSTP18_A,DWAPHLJ5,F,N-2,VENADO_TLINE_1,REVILLA4A,VENDPOI4A,8004,80084,0.0978
10/12/2020 12:00:00 AM,2020,10,12,1,LARDVN_LASCRU1_1,SPOMNED5,F,N-1,N_ELLA_PREMON1_1,N_ELLA2A,PREMONT2A,8878,8894,0.0865
10/12/2020 12:00:00 AM,2020,10,12,1,651__B,SCMNCPS5,F,N-1,12T219_1,L_NARUNA8_1Y,L_LAMPAS8_1Y,7063,7064,0.0653
10/12/2020 12:00:00 AM,2020,10,12,1,122T122_1,SCOMCYP8,F,N-1,MONTEL_UVALDE1_1,MONTELL2A,UVALDE2A,8230,8231,0.1479
10/12/2020 12:00:00 AM,2020,10,12,1,6265__C,DHCKRNK5,R,N-3,6271__B,SAGINAW1_8,FOSLCRK1_8,1957,2077,0.2854
10/12/2020 12:00:00 AM,2020,10,12,1,MAGRUD_VICTOR2_1,XVIC89,F,N-1,146T133_1,L_FLATON8_1Y,L_PLUM__8_1Y,7248,7274,0.1545
10/12/2020 12:00:00 AM,2020,10,12,1,HAMILT_MAVERI1_1,SODLBRA8,F,N-1,JERRY_RUSSEK1_1,RUSSEKST4A,JERRY4A,6517,6559,0.0502
10/12/2020 12:00:00 AM,2020,10,12,1,JCKSTP18_A,DWAPHLJ5,F,N-2,SLTDM_SHRPSH_1,SALTDOMESUB9,SHROPSHRSUB9,5551,5555,0.0573
10/12/2020 12:00:00 AM,2020,10,12,1,1318T313_1,DFERSTA8,F,N-2,48T130_1,L_ECKERT9_1Y,L_GILLES9_1Y,7122,7130,0.0977
10/12/2020 12:00:00 AM,2020,10,12,1,388T388_1,SHAYZOR5,R,N-1,424T424_1,REDCREEK7A,L_AMOSCR5_1Y,6444,7077,0.1025
10/12/2020 12:00:00 AM,2020,10,12,1,ASHERT_CATARI1_1,SCENLOB5,F,N-1,CARRIZ_CRYSTA1_1,CRYSTAL2A,CARRIZO2A,8242,8244,0.0825
10/12/2020 12:00:00 AM,2020,10,12,1,6437__F,DMTSCOS5,R,N-2,CLAYT_WSHACK_1_1,WSHACK,CLAYTON_345,68000,68001,0.1211
10/12/2020 12:00:00 AM,2020,10,12,1,293T304_1,DHILMAR5,F,N-2,209T203_1,L_YORKCR8_1Y,L_SEGUIN8_1Y,7227,7228,0.0763
10/12/2020 12:00:00 AM,2020,10,12,1,6437__F,DMTSCOS5,R,N-2,CLAT_WOLFGA1_1,WOLFGANG2A,CLRM2A,6162,6197,0.0524
10/12/2020 12:00:00 AM,2020,10,12,1,388T388_1,SHAYZOR5,R,N-1,551T551_1,BROWN_5,L_TWINBU5_1Y,1444,76009,0.1237
10/12/2020 12:00:00 AM,2020,10,12,1,6500__B,DODEMOS5,F,N-3,6511__D,MIDESSA_8,TRLINCTN_T8,1059,11137,0.1602
10/12/2020 12:00:00 AM,2020,10,12,1,6437__F,DMTSCOS5,R,N-2,PAIP_RADM1_1,RADIUMMT_8,PAINTCRE4A,1398,6161,0.0851
10/12/2020 12:00:00 AM,2020,10,12,1,6437__F,DMTSCOS5,R,N-2,CLAYT_WSHACK_2_1,WSHACK,CLAYTON_345,68000,68001,0.1211
10/12/2020 3:00:00 AM,2020,10,12,4,SOUTHA_VINSON1_1,SCISPUT8,F,N-3,CALCRK_PAINTC1_1,PAINTCRE4A,CALCRKTP4A,6161,6165,0.0595
10/12/2020 3:00:00 AM,2020,10,12,4,SOUTHA_VINSON1_1,SCISPUT8,F,N-3,HENDRI_PAINTC1_1,PAINTCRE4B,HENDRICK4A,6169,60387,0.0517
10/12/2020 7:00:00 AM,2020,10,12,8,JCKSTP18_A,DWAPHLJ5,F,N-2,EL_TE_91_A,TELPHN91T2_8,S_HOUS91TP_8,43322,48098,0.09
10/12/2020 7:00:00 AM,2020,10,12,8,JCKSTP18_A,DWAPHLJ5,F,N-2,STPELM27_1,ELMCREEK,SO_TEX__345A,5133,5915,0.1947
10/12/2020 7:00:00 AM,2020,10,12,8,HEI_PHR_1,SGAFGRN8,F,N-1,FRW_PHR_1,TNFRWYPARK1,P_H_R__POI_8,38820,42015,0.7243
10/12/2020 7:00:00 AM,2020,10,12,8,6265__C,DHCKRNK5,R,N-3,910__E,PEDENROAD,RHOME_8,568,1570,0.0944
10/12/2020 7:00:00 AM,2020,10,12,8,HEI_PHR_1,SGAFGRN8,F,N-1,G138_09_1,TNDICKNSON1,TNLEAGCITY1,38850,38920,0.6919
10/12/2020 7:00:00 AM,2020,10,12,8,670__C,SZEPCMN8,R,N-1,DOW_RISN_1,DOWNING,RISINGSTAR,281,285,0.8585
10/12/2020 8:00:00 AM,2020,10,12,9,651__B,SCMNCPS5,F,N-1,JYBRD_STV_1,STEPHENVIL8,JAYBIRD,295,320,0.068
10/12/2020 8:00:00 AM,2020,10,12,9,MAGRUD_VICTOR2_1,XVIC89,R,N-1,LONETR_VICTOR1_1,VICTORIA2A,LONETREE2A,8169,88179,0.3804
10/12/2020 9:00:00 AM,2020,10,12,10,651__B,SCMNCPS5,F,N-1,CEDARG_SOUTHA1_1,CEDARGAP2A,SOUTHABI2B,6327,6636,0.1032
10/12/2020 9:00:00 AM,2020,10,12,10,MAGRUD_VICTOR2_1,SGANVIC8,F,N-4,RNDMOT_RICEBRD_1,ROUNDMOTSW9,RICEBIRDSW9,5530,5535,0.0507
10/12/2020 9:00:00 AM,2020,10,12,10,NLARSW_PILONC1_1,SCENLOB5,R,N-1,HOL_FREE_1,HOLLANDSUB9,FREERSUB9,5878,5880,0.1554
10/12/2020 10:00:00 AM,2020,10,12,11,6500__B,DODEMOS5,F,N-3,138_BRL_FLT_1,TNFLATTOP_1,TNBRDRFLD_1,38069,38065,0.0718
10/12/2020 3:00:00 PM,2020,10,12,16,SANMIGL_ATAH,SGODLON5,F,N-1,MATHIS_TYNAN1_1,TYNAN2A,MATHIS2A,8107,8407,0.0556
10/12/2020 4:00:00 PM,2020,10,12,17,MAGRUD_VICTOR2_1,SVICV_D8,F,N-5,VICTOR_V_DUPS1_1,V_DUPSW4A,VICTORIA4A,8143,8172,0.0739
10/13/2020 12:00:00 AM,2020,10,13,1,6500__B,DODEMOS5,F,N-3,6511__D,MIDESSA_8,TRLINCTN_T8,1059,11137,0.1602
10/13/2020 12:00:00 AM,2020,10,13,1,SANMIGL_ATAH,SPAWSAN5,F,N-1,MONTEL_UVALDE1_1,MONTELL2A,UVALDE2A,8230,8231,0.1289
10/13/2020 12:00:00 AM,2020,10,13,1,6437__F,DMTSCOS5,R,N-2,PAIP_RADM1_1,RADIUMMT_8,PAINTCRE4A,1398,6161,0.0851
10/13/2020 12:00:00 AM,2020,10,13,1,6437__F,DMTSCOS5,R,N-2,CLAYT_WSHACK_2_1,WSHACK,CLAYTON_345,68000,68001,0.1214
10/13/2020 12:00:00 AM,2020,10,13,1,MAGRUD_VICTOR2_1,XVIC89,F,N-1,146T133_1,L_FLATON8_1Y,L_PLUM__8_1Y,7248,7274,0.1565
10/13/2020 12:00:00 AM,2020,10,13,1,6265__C,DHCKRNK5,R,N-3,6271__B,SAGINAW1_8,FOSLCRK1_8,1957,2077,0.2902
10/13/2020 12:00:00 AM,2020,10,13,1,JCKSTP18_A,DWAPHLJ5,F,N-2,SLTDM_SHRPSH_1,SALTDOMESUB9,SHROPSHRSUB9,5551,5555,0.0577
10/13/2020 12:00:00 AM,2020,10,13,1,JCKSTP18_A,DWAPHLJ5,F,N-2,EL_TE_91_A,TELPHN91T2_8,S_HOUS91TP_8,43322,48098,0.104
10/13/2020 12:00:00 AM,2020,10,13,1,LENSW_PUTN2_1,,F,THERMAL,PUTN_SOLANU1_1,PUTN4A,SOLANUM4A,6309,61015,0.2511
10/13/2020 12:00:00 AM,2020,10,13,1,6500__B,DODEMOS5,F,N-3,6045__A,MIDLET_5,FSCOGEN_5,1021,1025,0.1983
10/13/2020 12:00:00 AM,2020,10,13,1,6500__B,DODEMOS5,F,N-3,RIOPEC_WOODW21_1,RIOPECOS4A,TNWDWRDTAP1,6601,38330,0.0755
10/13/2020 12:00:00 AM,2020,10,13,1,SANMIGL_ATAH,SPAWSAN5,F,N-1,HOL_FREE_1,HOLLANDSUB9,FREERSUB9,5878,5880,0.1121
10/13/2020 12:00:00 AM,2020,10,13,1,SANMIGL_ATAH,SPAWSAN5,F,N-1,VENADO_TLINE_1,REVILLA4A,VENDPOI4A,8004,80084,0.1335
10/13/2020 12:00:00 AM,2020,10,13,1,6265__C,DHCKRNK5,R,N-3,910__E,PEDENROAD,RHOME_8,568,1570,0.0885
10/13/2020 12:00:00 AM,2020,10,13,1,HEI_PHR_1,SGAFGRN8,F,N-1,FRW_PHR_1,TNFRWYPARK1,P_H_R__POI_8,38820,42015,0.7243
10/13/2020 12:00:00 AM,2020,10,13,1,1030__B,SBOSELM5,R,N-1,1280__B,WACO_E1_8,WACOLASA1_8,3438,3452,0.0782
10/13/2020 12:00:00 AM,2020,10,13,1,6437__F,DMTSCOS5,R,N-2,CLAT_WOLFGA1_1,WOLFGANG2A,CLRM2A,6162,6197,0.0525
10/13/2020 12:00:00 AM,2020,10,13,1,LENSW_PUTN2_1,SABSBLU8,F,N-1,CALCRK_PAINTC1_1,PAINTCRE4A,CALCRKTP4A,6161,6165,0.0547
10/13/2020 12:00:00 AM,2020,10,13,1,HEXT_YELWJC1_1,SFORYEL8,R,N-1,MENPHT_YELWJC1_1,YELWJCKT2A,MENPHTP2,6363,6401,0.4341
10/13/2020 12:00:00 AM,2020,10,13,1,HEXT_YELWJC1_1,SFORYEL8,R,N-1,KATEMC_MASN1_1,MASN2A,KATEMCY2A,6393,6406,0.3242
10/13/2020 12:00:00 AM,2020,10,13,1,MAGRUD_VICTOR2_1,XVIC89,F,N-1,LONETR_VICTOR1_1,VICTORIA2A,LONETREE2A,8169,88179,0.3803
10/13/2020 12:00:00 AM,2020,10,13,1,JCKSTP18_A,DWAPHLJ5,F,N-2,STPZWP39_1,SO_TEX__345A,WHITEPT7A,5915,8956,0.1519
10/13/2020 12:00:00 AM,2020,10,13,1,JCKSTP18_A,DWAPHLJ5,F,N-2,CKT_3122_1,L_FPPYD25_1Y,HOLMAN,7055,9073,0.0897
10/13/2020 12:00:00 AM,2020,10,13,1,JCKSTP18_A,DWAPHLJ5,F,N-2,G69_Z1_1,TNPHILLPS30,TNPHLLPSOP0,39910,39930,0.1914
10/13/2020 12:00:00 AM,2020,10,13,1,JCKSTP18_A,DWAPHLJ5,F,N-2,DOWJCK27_A,DOW____POI_5,JONCRK27LR,42500,47532,0.5529
10/13/2020 12:00:00 AM,2020,10,13,1,SANA_FMR1,SCOLBAL8,R,N-6,DOW_RISN_1,DOWNING,RISINGSTAR,281,285,0.0549
10/13/2020 12:00:00 AM,2020,10,13,1,SANA_FMR1,SCOLBAL8,R,N-6,16T672_1,L_LAMPAS8_1Y,L_ADAMSV8_1Y,7064,7066,0.0535
10/13/2020 12:00:00 AM,2020,10,13,1,JCKSTP18_A,DWAPHLJ5,F,N-2,BLESSI_LAN_CT1_1,BLESSING4A,LAN_CTY4A,8121,8127,0.1529
10/13/2020 12:00:00 AM,2020,10,13,1,JCKSTP18_A,DWAPHLJ5,F,N-2,FB_AT1H,FTBEND__B138,FTBENSTR,44280,44281,0.1119
10/13/2020 12:00:00 AM,2020,10,13,1,HEI_PHR_1,SGAFGRN8,F,N-1,G138_09_1,TNDICKNSON1,TNLEAGCITY1,38850,38920,0.6919
10/13/2020 12:00:00 AM,2020,10,13,1,6437__F,DMTSCOS5,R,N-2,CLAYT_WSHACK_1_1,WSHACK,CLAYTON_345,68000,68001,0.1214
10/13/2020 12:00:00 AM,2020,10,13,1,MAGRUD_VICTOR2_1,XVIC89,F,N-1,101T158_1,L_ZORN__8_1Y,L_POOLRO8_1Y,7180,7222,0.088
10/13/2020 12:00:00 AM,2020,10,13,1,MAGRUD_VICTOR2_1,XVIC89,F,N-1,MAGRUD_VICTOR1_1,VICTORIA2A,MAGRUDER2A,8169,8177,0.3803
10/13/2020 12:00:00 AM,2020,10,13,1,6265__C,DHCKRNK5,R,N-3,6402__B,NMAIN1_8,DENTN_AV1_8,1961,2157,0.1681
10/13/2020 12:00:00 AM,2020,10,13,1,431__A,SBCESN35,F,N-1,12T219_1,L_NARUNA8_1Y,L_LAMPAS8_1Y,7063,7064,0.2045
10/13/2020 12:00:00 AM,2020,10,13,1,431__A,SBCESN35,F,N-1,597T597_1,L_GEORGE8_1Y,L_RIVERY8_1Y,7343,7347,0.0782
10/13/2020 12:00:00 AM,2020,10,13,1,431__A,SBCESN35,F,N-1,GABRIE_AT1,L_GABRIE9_1Y,L_GABRIE8_1Y,7345,7346,0.1226
10/13/2020 12:00:00 AM,2020,10,13,1,HAMILT_MAXWEL1_1,SCOMHA38,R,N-5,JERRY_RUSSEK1_1,RUSSEKST4A,JERRY4A,6517,6559,0.0538
10/13/2020 12:00:00 AM,2020,10,13,1,421__A,SBCESND5,F,N-1,110T109_1,L_LAMPAS8_1Y,L_DOBYVI8_1Y,7064,7065,0.2076
10/13/2020 12:00:00 AM,2020,10,13,1,431__A,SBCESN35,F,N-1,PLS_MIDW_1,PLESNTGROV,MIDWAY,81,185,0.0759
10/13/2020 12:00:00 AM,2020,10,13,1,431__A,SBCESN35,F,N-1,638T638_1,L_GIDDIN8_1Y,L_LINCOL8_1Y,7302,7568,0.0566
10/13/2020 12:00:00 AM,2020,10,13,1,583T583_1,DZORHAY5,F,N-4,R5_KENDL_1,CAGNON_5,L_KENDAL5_1Y,5056,7046,0.1583
10/13/2020 12:00:00 AM,2020,10,13,1,583T583_1,DZORHAY5,F,N-4,74T148_1,L_CICO__8_1Y,L_COMFOR8_1Y,7151,7155,0.3695
10/13/2020 1:00:00 AM,2020,10,13,2,583T583_1,DBERWE58,F,N-2,48T130_1,L_ECKERT9_1Y,L_GILLES9_1Y,7122,7130,0.0504
10/13/2020 1:00:00 AM,2020,10,13,2,14040__A,DMGSQAL5,R,N-3,6815__B,GLASCOCK_9,REAGNSHE_9,1217,1219,0.0974
10/13/2020 4:00:00 AM,2020,10,13,5,ASHERT_CATARI1_1,SGODLON5,F,N-1,CARRIZ_CRYSTA1_1,CRYSTAL2A,CARRIZO2A,8242,8244,0.0897
10/13/2020 6:00:00 AM,2020,10,13,7,ASHERT_CATARI1_1,DCENRO58,F,N-4,N_ELLA_PREMON1_1,N_ELLA2A,PREMONT2A,8878,8894,0.0509
10/13/2020 7:00:00 AM,2020,10,13,8,6265__C,DHCKRNK5,R,N-3,6310__B,HANDLEYD_8,TATE_W_T8,1951,2220,0.0536
10/13/2020 7:00:00 AM,2020,10,13,8,651__B,SCMNCPS5,F,N-1,JYBRD_STV_1,STEPHENVIL8,JAYBIRD,295,320,0.0551
10/13/2020 7:00:00 AM,2020,10,13,8,651__B,SCMNCPS5,F,N-1,35084__A,BROWN_5,CORN_TRL_5,1444,11441,0.7022
10/13/2020 7:00:00 AM,2020,10,13,8,JCKSTP18_A,DWAPHLJ5,F,N-2,STPELM18_1,ELMCREEK,SO_TEX__345A,5133,5915,0.1928
10/13/2020 7:00:00 AM,2020,10,13,8,DRSY_SANA_T1_1,SCOLBAL8,R,N-6,25T138_1,L_LAMPAS8_1Y,L_LOMETA8_1Y,7064,7080,0.0534
10/13/2020 8:00:00 AM,2020,10,13,9,6437__F,DMTSCOS5,R,N-2,6225__A,BARBER_LK1_8,CHINAGRVX2_8,1189,19520,0.0732
10/13/2020 8:00:00 AM,2020,10,13,9,6437__F,DMTSCOS5,R,N-2,HSKLTP_PAINTC1_1,PAINTCRE2A,HASKLTP12A,6159,6171,0.0519
10/13/2020 10:00:00 AM,2020,10,13,11,JN_AT1,D_JN_BI5,F,N-2,FB_RE_09_A,FTBEND__B138,READNG_S09_8,44280,44570,0.0892
10/13/2020 10:00:00 AM,2020,10,13,11,JN_AT1,D_JN_BI5,F,N-2,JN_AT3,JENETA__B345,JENETSTR,47300,47301,0.4791
10/13/2020 5:00:00 PM,2020,10,13,18,6500__B,DODEMOS5,F,N-3,138_BRL_FLT_1,TNFLATTOP_1,TNBRDRFLD_1,38069,38065,0.0718
10/13/2020 5:00:00 PM,2020,10,13,18,SANMIGL_ATAH,SGODLON5,F,N-1,MATHIS_TYNAN1_1,TYNAN2A,MATHIS2A,8107,8407,0.0555
10/13/2020 9:00:00 PM,2020,10,13,22,421__A,SBCESND5,F,N-1,551T551_1,BROWN_5,L_TWINBU5_1Y,1444,76009,0.0528
10/13/2020 10:00:00 PM,2020,10,13,23,421__A,DSALHUT5,F,N-2,424T424_1,REDCREEK7A,L_AMOSCR5_1Y,6444,7077,0.0616
